"analysis","replicate","beta_poct","beta_lab","delta_beta"
"parsimonious_cox",1,-0.235764422828349,-0.0267376068982017,-0.209026815930147
"parsimonious_cox",2,-0.321825076879715,-0.0473198276656224,-0.274505249214093
"parsimonious_cox",3,-0.033862729902136,-0.0200737283373994,-0.0137890015647367
"parsimonious_cox",4,-0.288056451955974,-0.048595315337696,-0.239461136618278
"parsimonious_cox",5,-0.0721943635275556,0.0172613492147827,-0.0894557127423383
"parsimonious_cox",6,-0.392238631708291,-0.0120611604944949,-0.380177471213796
"parsimonious_cox",7,-0.318174634093924,-0.0125675230107899,-0.305607111083135
"parsimonious_cox",8,-0.093802021428551,-0.0479040661036765,-0.0458979553248745
"parsimonious_cox",9,0.000753352376890889,0.0815209383147787,-0.0807675859378878
"parsimonious_cox",10,-0.195469288629476,-0.0736728451927747,-0.121796443436701
"parsimonious_cox",11,-0.162366666900619,-0.0192587233973985,-0.14310794350322
"parsimonious_cox",12,-0.248815742916858,-0.0200879122586894,-0.228727830658169
"parsimonious_cox",13,-0.462908489110748,0.0391804636462505,-0.502088952756999
"parsimonious_cox",14,-0.250922627077275,0.00570647464762972,-0.256629101724905
"parsimonious_cox",15,-0.201301510216337,-0.00315347556441497,-0.198148034651922
"parsimonious_cox",16,-0.215606435821901,-0.0821421343568027,-0.133464301465098
"parsimonious_cox",17,-0.274614901623918,-0.0625733460028429,-0.212041555621075
"parsimonious_cox",18,-0.129226497630109,0.00774996482149427,-0.136976462451603
"parsimonious_cox",19,-0.0873109460399152,-0.0342249084293573,-0.0530860376105579
"parsimonious_cox",20,-0.096562223887519,-0.0479617957847861,-0.0486004281027329
"parsimonious_cox",21,-0.197002665941552,-0.0111189211862606,-0.185883744755292
"parsimonious_cox",22,-0.459334554887197,0.0268341973498424,-0.48616875223704
"parsimonious_cox",23,-0.123864799418796,-0.0474936733623282,-0.0763711260564674
"parsimonious_cox",24,-0.118866801734956,0.0175943253076858,-0.136461127042642
"parsimonious_cox",25,-0.184903343648201,0.0560598745183059,-0.240963218166507
"parsimonious_cox",26,-0.367646271594673,-0.0203845776735335,-0.34726169392114
"parsimonious_cox",27,-0.103177593324923,0.026214984386984,-0.129392577711907
"parsimonious_cox",28,-0.203803549839323,0.0332506845974439,-0.237054234436767
"parsimonious_cox",29,-0.0851908369130575,0.0169785778792902,-0.102169414792348
"parsimonious_cox",30,-0.212103927995002,-0.0511722442494377,-0.160931683745564
"parsimonious_cox",31,-0.234630397765662,-0.0111433160673148,-0.223487081698347
"parsimonious_cox",32,-0.160450317672192,-0.0334408163589126,-0.127009501313279
"parsimonious_cox",33,-0.232849657965252,-0.090530196513586,-0.142319461451666
"parsimonious_cox",34,-0.201712667548755,0.0101056452871392,-0.211818312835895
"parsimonious_cox",35,-0.264574994298694,-0.0490071370271005,-0.215567857271594
"parsimonious_cox",36,-0.296907628437615,-0.0461783422179278,-0.250729286219687
"parsimonious_cox",37,-0.226048695045574,0.00824160646174673,-0.23429030150732
"parsimonious_cox",38,-0.347059684730931,-0.0255053497020173,-0.321554335028913
"parsimonious_cox",39,-0.184492034159977,0.0167100169565491,-0.201202051116526
"parsimonious_cox",40,-0.264841760266982,-0.0523259747017307,-0.212515785565251
"parsimonious_cox",41,-0.238324244637039,0.00379609847138208,-0.242120343108421
"parsimonious_cox",42,-0.176828286705287,-0.000543574391736425,-0.176284712313551
"parsimonious_cox",43,-0.334693070610255,-0.0162423013066927,-0.318450769303562
"parsimonious_cox",44,-0.33591337432877,-0.0915407436968227,-0.244372630631947
"parsimonious_cox",45,-0.204507082446176,0.0275769329840269,-0.232084015430203
"parsimonious_cox",46,-0.0602120723615837,0.00387887464845531,-0.064090947010039
"parsimonious_cox",47,-0.165714704545135,0.00445691219500038,-0.170171616740135
"parsimonious_cox",48,-0.167847991191424,0.111696856950427,-0.279544848141851
"parsimonious_cox",49,-0.253516532057759,-0.0101961590834026,-0.243320372974357
"parsimonious_cox",50,-0.104656983305737,0.0157296846477849,-0.120386667953522
"parsimonious_cox",51,-0.11316145997598,-0.0244097852657134,-0.0887516747102666
"parsimonious_cox",52,-0.219451086580396,-0.00437700245961735,-0.215074084120779
"parsimonious_cox",53,-0.207031049818428,0.0120184934737856,-0.219049543292214
"parsimonious_cox",54,-0.284187074059146,-0.0574768597357018,-0.226710214323444
"parsimonious_cox",55,-0.110634654136977,-0.0250268854827667,-0.0856077686542099
"parsimonious_cox",56,-0.326987614316071,-0.0299393561766121,-0.297048258139459
"parsimonious_cox",57,-0.0315408152121527,0.0143681034893793,-0.045908918701532
"parsimonious_cox",58,-0.385949652186074,-0.0290251073300579,-0.356924544856016
"parsimonious_cox",59,-0.0893421846134753,0.0175899081560629,-0.106932092769538
"parsimonious_cox",60,-0.222853754049272,-0.0131078738104376,-0.209745880238834
"parsimonious_cox",61,-0.109216248303374,0.0297231438727156,-0.138939392176089
"parsimonious_cox",62,-0.261950675823719,-0.0461788979873549,-0.215771777836364
"parsimonious_cox",63,-0.289031825179356,0.0339602757753253,-0.322992100954681
"parsimonious_cox",64,-0.134214803669763,0.0243674289535084,-0.158582232623271
"parsimonious_cox",65,-0.500297790288956,-0.0463354910561115,-0.453962299232845
"parsimonious_cox",66,-0.260090717318322,-0.0416199290890896,-0.218470788229232
"parsimonious_cox",67,-0.100162936657025,-0.0385755257541044,-0.0615874109029209
"parsimonious_cox",68,-0.186519524361728,-0.0839101304741435,-0.102609393887584
"parsimonious_cox",69,-0.179896577272083,-0.00556623122267287,-0.174330346049411
"parsimonious_cox",70,-0.285919450362886,-0.06163747391104,-0.224281976451846
"parsimonious_cox",71,-0.156998958903854,0.0217440830372502,-0.178743041941104
"parsimonious_cox",72,-0.10665083587765,-0.00844619864544467,-0.0982046372322054
"parsimonious_cox",73,-0.319684866433166,0.0943463995575709,-0.414031265990737
"parsimonious_cox",74,-0.682612436857217,-0.0376181292955319,-0.644994307561685
"parsimonious_cox",75,-0.126188120911318,-0.0478003095275028,-0.078387811383815
"parsimonious_cox",76,-0.186746682583312,-0.0561623828520216,-0.130584299731291
"parsimonious_cox",77,-0.136498916424583,-0.0223749412071624,-0.114123975217421
"parsimonious_cox",78,-0.297951650430635,0.0179054690312453,-0.31585711946188
"parsimonious_cox",79,-0.276618202174916,-0.00111050733228108,-0.275507694842635
"parsimonious_cox",80,-0.111977242352352,-0.00716064998766644,-0.104816592364686
"parsimonious_cox",81,-0.290354012378128,-0.0242744539299777,-0.26607955844815
"parsimonious_cox",82,-0.201140528910512,-0.0143516966571363,-0.186788832253376
"parsimonious_cox",83,-0.123426914165453,0.00926653402012169,-0.132693448185574
"parsimonious_cox",84,-0.303016284378256,-0.0320105681073508,-0.271005716270905
"parsimonious_cox",85,-0.312254759505674,0.00530238327514097,-0.317557142780815
"parsimonious_cox",86,-0.304682071203691,-0.0121582862514144,-0.292523784952277
"parsimonious_cox",87,-0.153262490476223,-0.0561133795063096,-0.0971491109699136
"parsimonious_cox",88,-0.129533535568808,0.00295691195125303,-0.132490447520061
"parsimonious_cox",89,-0.110957445769242,-0.0115770197011923,-0.0993804260680496
"parsimonious_cox",90,-0.0931837214440113,-0.00270924112847886,-0.0904744803155324
"parsimonious_cox",91,-0.223645043632212,-0.0260020159313764,-0.197643027700835
"parsimonious_cox",92,-0.172338633510457,0.0995290751695274,-0.271867708679984
"parsimonious_cox",93,-0.171549386930201,0.00810303063761133,-0.179652417567812
"parsimonious_cox",94,-0.117137015496549,-0.0309018319241616,-0.0862351835723875
"parsimonious_cox",95,-0.158053448852067,-0.0653713877047037,-0.0926820611473635
"parsimonious_cox",96,-0.494485259160532,-0.0364427560869863,-0.458042503073545
"parsimonious_cox",97,-0.32753238769172,0.0326068781056097,-0.360139265797329
"parsimonious_cox",98,-0.222248279594808,-0.0360434926518578,-0.186204786942951
"parsimonious_cox",99,-0.145107406832918,-0.00751338509414229,-0.137594021738776
"parsimonious_cox",100,-0.127111866245996,-0.0327212739467976,-0.0943905922991982
"parsimonious_cox",101,-0.116794024293381,-0.0013268402323984,-0.115467184060982
"parsimonious_cox",102,-0.0814335718026166,0.0436813936782401,-0.125114965480857
"parsimonious_cox",103,-0.112546630619528,0.0170450182696457,-0.129591648889173
"parsimonious_cox",104,-0.13584021799147,0.00349689669874704,-0.139337114690217
"parsimonious_cox",105,-0.244249688539535,0.0117524540566547,-0.256002142596189
"parsimonious_cox",106,-0.142704652686226,0.0163725221907617,-0.159077174876987
"parsimonious_cox",107,-0.170851739121097,0.0223761451515232,-0.19322788427262
"parsimonious_cox",108,-0.163998631997895,0.0155710712389125,-0.179569703236807
"parsimonious_cox",109,-0.206673042761349,-0.0362293755591213,-0.170443667202228
"parsimonious_cox",110,-0.425533316984374,-0.0790351084454763,-0.346498208538897
"parsimonious_cox",111,-0.064026374868012,0.0269236382748185,-0.0909500131428306
"parsimonious_cox",112,-0.111554475747933,0.0151408645254573,-0.12669534027339
"parsimonious_cox",113,-0.257704065830552,-0.0219881849356175,-0.235715880894934
"parsimonious_cox",114,-0.237681453182268,-0.036075439330291,-0.201606013851977
"parsimonious_cox",115,-0.253126723274598,-0.0434716663042125,-0.209655056970385
"parsimonious_cox",116,-0.224170441785783,-0.0522423949033767,-0.171928046882406
"parsimonious_cox",117,-0.154423521243989,0.0114706323657713,-0.16589415360976
"parsimonious_cox",118,-0.293302452147913,-0.0363606247646948,-0.256941827383219
"parsimonious_cox",119,-0.118205574918525,-0.0109507626728385,-0.107254812245686
"parsimonious_cox",120,-0.197516709745421,0.00972190650996793,-0.207238616255389
"parsimonious_cox",121,-0.166479331499363,0.059475831394075,-0.225955162893438
"parsimonious_cox",122,-0.116323427225259,-0.00583852150512009,-0.110484905720139
"parsimonious_cox",123,-0.399158273265852,-0.0349834486838341,-0.364174824582018
"parsimonious_cox",124,-0.215424898441494,-0.0447614805560822,-0.170663417885412
"parsimonious_cox",125,-0.40567184626733,-0.0366172657929478,-0.369054580474382
"parsimonious_cox",126,-0.0751422448130668,0.0409358542462056,-0.116078099059272
"parsimonious_cox",127,-0.286727967851841,-0.0165352589978946,-0.270192708853947
"parsimonious_cox",128,-0.183392496587704,0.0132163108253309,-0.196608807413035
"parsimonious_cox",129,-0.228128787266693,-0.00522458654757835,-0.222904200719115
"parsimonious_cox",130,-0.219989761512626,0.0180654882011426,-0.238055249713769
"parsimonious_cox",131,-0.231515540641349,-0.0176798391673833,-0.213835701473965
"parsimonious_cox",132,-0.0491317005528256,0.0384825093233814,-0.087614209876207
"parsimonious_cox",133,-0.16287176334447,0.0115103061260326,-0.174382069470502
"parsimonious_cox",134,-0.107995233221984,-0.0531766651607996,-0.0548185680611848
"parsimonious_cox",135,-0.251491141672628,-0.0204723196745459,-0.231018821998082
"parsimonious_cox",136,-0.200973879370427,-0.0590300039674415,-0.141943875402986
"parsimonious_cox",137,-0.457885390943361,-0.00929229871015545,-0.448593092233206
"parsimonious_cox",138,-0.332468935842967,-0.00164323107353284,-0.330825704769434
"parsimonious_cox",139,-0.163130944229269,0.0423706339078674,-0.205501578137137
"parsimonious_cox",140,-0.485288612732109,0.00917706308921554,-0.494465675821324
"parsimonious_cox",141,-0.197445308587486,0.0136460755883934,-0.211091384175879
"parsimonious_cox",142,-0.445382000013673,0.0102270307233916,-0.455609030737065
"parsimonious_cox",143,-0.27610221795334,-0.0375036815466531,-0.238598536406687
"parsimonious_cox",144,-0.411481167172722,-0.105205391944975,-0.306275775227747
"parsimonious_cox",145,-0.232522969387593,-0.0441525943380487,-0.188370375049545
"parsimonious_cox",146,-0.15679035716224,-0.0686155651472965,-0.0881747920149437
"parsimonious_cox",147,-0.18214843823654,0.00640101995175984,-0.188549458188299
"parsimonious_cox",148,-0.197696232602271,0.00316071340833528,-0.200856946010607
"parsimonious_cox",149,-0.350604087619539,0.00923443854614493,-0.359838526165684
"parsimonious_cox",150,-0.198507156794239,0.0000356065241664239,-0.198542763318406
"parsimonious_cox",151,-0.0309863122364538,0.0386837819049131,-0.0696700941413669
"parsimonious_cox",152,-0.162150178680958,-0.00944974591756021,-0.152700432763398
"parsimonious_cox",153,-0.289618291351874,0.00424048022529393,-0.293858771577168
"parsimonious_cox",154,-0.139748964540669,-0.065417182874968,-0.0743317816657005
"parsimonious_cox",155,-0.195082411983339,-0.00193093260384415,-0.193151479379495
"parsimonious_cox",156,-0.0804526136071683,0.00788757084988692,-0.0883401844570552
"parsimonious_cox",157,-0.14752264160168,-0.00557497464314007,-0.14194766695854
"parsimonious_cox",158,-0.0764891262439987,0.0916703412939821,-0.168159467537981
"parsimonious_cox",159,-0.151029843541428,0.010067881670265,-0.161097725211693
"parsimonious_cox",160,-0.349519012170351,-0.0219354644612933,-0.327583547709057
"parsimonious_cox",161,-0.0929576507070207,0.00363248153407544,-0.0965901322410962
"parsimonious_cox",162,-0.285577870237469,-0.0449573584197022,-0.240620511817767
"parsimonious_cox",163,-0.179202055580755,-0.0285243194831389,-0.150677736097616
"parsimonious_cox",164,-0.356922437646007,0.00604982072403218,-0.36297225837004
"parsimonious_cox",165,-0.280529461447119,-0.00375764348510624,-0.276771817962012
"parsimonious_cox",166,-0.0854411444979891,0.0253435890883282,-0.110784733586317
"parsimonious_cox",167,-0.236966959908859,-0.0162224611953024,-0.220744498713556
"parsimonious_cox",168,-0.00665513684442458,-0.0355555059172415,0.0289003690728169
"parsimonious_cox",169,-0.3255638603653,-0.0851967371069225,-0.240367123258377
"parsimonious_cox",170,-0.541355663252293,-0.0192074958447259,-0.522148167407567
"parsimonious_cox",171,-0.206857490766196,0.00234650097452191,-0.209203991740718
"parsimonious_cox",172,-0.167997419077554,0.0121942100130582,-0.180191629090613
"parsimonious_cox",173,-0.187619497710972,-0.0697250454782899,-0.117894452232682
"parsimonious_cox",174,-0.134896035492602,0.0163518471580655,-0.151247882650668
"parsimonious_cox",175,-0.136171530174189,-0.0281031636658377,-0.108068366508351
"parsimonious_cox",176,-0.242174907360444,-0.0182704975774419,-0.223904409783002
"parsimonious_cox",177,-0.0695275562091754,-0.0128455745089263,-0.056681981700249
"parsimonious_cox",178,-0.104170710727902,0.0433849581279942,-0.147555668855897
"parsimonious_cox",179,-0.269672169740197,0.0185078908606535,-0.28818006060085
"parsimonious_cox",180,-0.0745575427593154,-0.043909082921434,-0.0306484598378814
"parsimonious_cox",181,-0.234884940100156,-0.0624036322974959,-0.17248130780266
"parsimonious_cox",182,-0.458335395691105,0.0459931544087629,-0.504328550099868
"parsimonious_cox",183,-0.161961792610022,-0.0377964181407226,-0.1241653744693
"parsimonious_cox",184,-0.164191023165013,-0.0636348738245785,-0.100556149340435
"parsimonious_cox",185,-0.0723362755339878,-0.0253331127635134,-0.0470031627704744
"parsimonious_cox",186,-0.36238695391999,-0.0669771031039738,-0.295409850816017
"parsimonious_cox",187,-0.120751783752021,-0.0807962439647956,-0.0399555397872254
"parsimonious_cox",188,-0.102354488683588,0.0412842541051884,-0.143638742788776
"parsimonious_cox",189,-0.206564054976195,0.0388873123286339,-0.245451367304829
"parsimonious_cox",190,-0.173809306355563,0.00870317838344364,-0.182512484739007
"parsimonious_cox",191,-0.0371473529599791,0.0828119072086256,-0.119959260168605
"parsimonious_cox",192,-0.175601956739017,-0.0645173728902167,-0.111084583848801
"parsimonious_cox",193,-0.289747089491364,-0.0202299941577953,-0.269517095333569
"parsimonious_cox",194,-0.284822948110744,0.0030651181628871,-0.287888066273631
"parsimonious_cox",195,-0.149532846493917,0.0660668543201178,-0.215599700814035
"parsimonious_cox",196,-0.318173911406423,-0.0529447479479236,-0.265229163458499
"parsimonious_cox",197,-0.0617568832192058,0.0205299463966153,-0.0822868296158211
"parsimonious_cox",198,-0.10163553907459,0.0173816568813946,-0.119017195955985
"parsimonious_cox",199,-0.219305619297681,-0.00991337378248201,-0.209392245515199
"parsimonious_cox",200,-0.156093577998147,0.0234473780880306,-0.179540956086177
"parsimonious_cox",201,-0.311746167953868,-0.0365547438540879,-0.27519142409978
"parsimonious_cox",202,-0.629583757945273,-0.0494755321721105,-0.580108225773162
"parsimonious_cox",203,-0.228236111448119,-0.0574574236205586,-0.170778687827561
"parsimonious_cox",204,-0.362327530254441,-0.0279388012901831,-0.334388728964258
"parsimonious_cox",205,-0.137264953433689,0.0183596328208948,-0.155624586254584
"parsimonious_cox",206,-0.230137674678955,-0.0744418836933324,-0.155695790985623
"parsimonious_cox",207,-0.191518064982117,-0.03644663708205,-0.155071427900067
"parsimonious_cox",208,-0.313809230388237,-0.0172592311403668,-0.29654999924787
"parsimonious_cox",209,-0.520015570900432,-0.0477912964365091,-0.472224274463923
"parsimonious_cox",210,-0.355620396925668,0.0232277855666441,-0.378848182492312
"parsimonious_cox",211,-0.13750473242249,0.00928155496933635,-0.146786287391826
"parsimonious_cox",212,-0.327589927513298,-0.0300178571774538,-0.297572070335844
"parsimonious_cox",213,-0.396346933783024,-0.0467804819917386,-0.349566451791286
"parsimonious_cox",214,-0.203338132859079,-0.0439963767077086,-0.15934175615137
"parsimonious_cox",215,-0.506695769295608,-0.0345986230314984,-0.472097146264109
"parsimonious_cox",216,-0.271312350830644,-0.0371209454375158,-0.234191405393128
"parsimonious_cox",217,-0.161720563454647,-0.0161617442466797,-0.145558819207968
"parsimonious_cox",218,-0.409031337642561,-0.0730699971417422,-0.335961340500819
"parsimonious_cox",219,0.0073385340239704,-0.014014069207925,0.0213526032318954
"parsimonious_cox",220,-0.211554848847445,-0.0146721232477254,-0.19688272559972
"parsimonious_cox",221,-0.225720941824181,-0.00810719903798337,-0.217613742786197
"parsimonious_cox",222,-0.0694199153907784,-0.0238343444116104,-0.045585570979168
"parsimonious_cox",223,-0.357571858728705,0.013941274607105,-0.37151313333581
"parsimonious_cox",224,-0.141169979266874,0.086024462016927,-0.227194441283801
"parsimonious_cox",225,-0.400711551483051,-0.0386392332364193,-0.362072318246632
"parsimonious_cox",226,-0.170154776225859,-0.0114554318340862,-0.158699344391773
"parsimonious_cox",227,-0.671772675753293,-0.0112944121046142,-0.660478263648678
"parsimonious_cox",228,-0.119442535852556,-0.0195890817385265,-0.0998534541140293
"parsimonious_cox",229,-0.204298327620486,-0.00659176142737953,-0.197706566193106
"parsimonious_cox",230,-0.224964533699057,-0.00676650075395353,-0.218198032945104
"parsimonious_cox",231,-0.154860942513463,0.126128138048051,-0.280989080561514
"parsimonious_cox",232,-0.0982421067048421,0.00476030122718827,-0.10300240793203
"parsimonious_cox",233,-0.534388772854575,0.0118442135451938,-0.546232986399769
"parsimonious_cox",234,-0.232195086981073,0.0546399405425068,-0.28683502752358
"parsimonious_cox",235,-0.180884549477573,0.0181541202920857,-0.199038669769659
"parsimonious_cox",236,-0.292327505747182,0.00578889311833083,-0.298116398865513
"parsimonious_cox",237,0.00244826644291421,0.0462697580970182,-0.043821491654104
"parsimonious_cox",238,-0.0661317298372462,-0.0318557667397272,-0.034275963097519
"parsimonious_cox",239,-0.203996322113853,-0.110733423470444,-0.0932628986434097
"parsimonious_cox",240,-0.314499924099767,-0.0641082104787298,-0.250391713621037
"parsimonious_cox",241,-0.199592485055733,-0.00157013962173985,-0.198022345433993
"parsimonious_cox",242,-0.199480677324966,0.0127632988876285,-0.212243976212595
"parsimonious_cox",243,-0.363114739654759,-0.0937601439695,-0.269354595685259
"parsimonious_cox",244,-0.298335479199113,-0.00315176364431811,-0.295183715554795
"parsimonious_cox",245,-0.284203101424073,0.0147682516756542,-0.298971353099727
"parsimonious_cox",246,-0.057104570536458,0.0201468503845994,-0.0772514209210573
"parsimonious_cox",247,-0.259679135398999,0.025658537126462,-0.285337672525461
"parsimonious_cox",248,-0.122523808204697,-0.034824327309114,-0.0876994808955827
"parsimonious_cox",249,-0.241606916153692,-0.033771930992556,-0.207834985161136
"parsimonious_cox",250,-0.111402021076128,0.0500478291271652,-0.161449850203293
"parsimonious_cox",251,-0.330471408366896,-0.0225436092742733,-0.307927799092623
"parsimonious_cox",252,-0.335916969269165,-0.0455864537289118,-0.290330515540253
"parsimonious_cox",253,-0.168764490391664,0.0125872532809322,-0.181351743672596
"parsimonious_cox",254,-0.279331106821276,0.0122835926970879,-0.291614699518363
"parsimonious_cox",255,-0.136052988782914,-0.0456198380387992,-0.0904331507441145
"parsimonious_cox",256,-0.0973321337305908,-0.0327779507974467,-0.0645541829331441
"parsimonious_cox",257,-0.190453705542798,-0.125987454825686,-0.0644662507171128
"parsimonious_cox",258,-0.100622085543565,0.0359663640601154,-0.13658844960368
"parsimonious_cox",259,-0.333893263736657,-0.0701178493109697,-0.263775414425687
"parsimonious_cox",260,-0.18380129236303,-0.0487011562175889,-0.135100136145441
"parsimonious_cox",261,-0.110028506792865,0.0611374821147051,-0.17116598890757
"parsimonious_cox",262,-0.270675966466256,-0.0131130164978632,-0.257562949968393
"parsimonious_cox",263,-0.295225426205754,-0.0866417891051673,-0.208583637100587
"parsimonious_cox",264,-0.211378910944721,-0.0983653106588235,-0.113013600285897
"parsimonious_cox",265,-0.164833565563636,-0.0456794413790196,-0.119154124184616
"parsimonious_cox",266,-0.211820153885017,0.0370585900740323,-0.248878743959049
"parsimonious_cox",267,-0.0863800787651241,-0.0254693845289375,-0.0609106942361866
"parsimonious_cox",268,-0.225864440915818,-0.0157331482303829,-0.210131292685435
"parsimonious_cox",269,-0.121113803356635,0.0384283691817423,-0.159542172538377
"parsimonious_cox",270,-0.323990811464616,-0.028400121405288,-0.295590690059328
"parsimonious_cox",271,-0.165525212150219,-0.0198450607430464,-0.145680151407173
"parsimonious_cox",272,-0.131149369003542,0.0093465115725342,-0.140495880576076
"parsimonious_cox",273,-0.162903306624599,0.0193027157772706,-0.18220602240187
"parsimonious_cox",274,-0.184565093779001,-0.00713075795984358,-0.177434335819157
"parsimonious_cox",275,-0.260818207574917,-0.0433463158603981,-0.217471891714519
"parsimonious_cox",276,-0.292195627934508,0.0429199585822473,-0.335115586516756
"parsimonious_cox",277,-0.184744152949061,-0.0707301810225414,-0.11401397192652
"parsimonious_cox",278,-0.120874256247536,0.0346193659382965,-0.155493622185832
"parsimonious_cox",279,-0.185802067844959,0.0297872908657984,-0.215589358710758
"parsimonious_cox",280,-0.384510778884083,0.00100339067681347,-0.385514169560897
"parsimonious_cox",281,-0.076914087536991,0.00519378138768287,-0.0821078689246739
"parsimonious_cox",282,-0.23194409837952,-0.0225926392546982,-0.209351459124822
"parsimonious_cox",283,-0.3038894241514,0.0233020530507706,-0.327191477202171
"parsimonious_cox",284,-0.46069929164087,-0.0805783697473239,-0.380120921893546
"parsimonious_cox",285,-0.270463331129934,-0.00742360284020873,-0.263039728289726
"parsimonious_cox",286,-0.0486272552126201,0.0035187058703479,-0.052145961082968
"parsimonious_cox",287,-0.392997364036454,-0.00581081257554762,-0.387186551460907
"parsimonious_cox",288,-0.267804158629417,-0.00119882771843463,-0.266605330910982
"parsimonious_cox",289,-0.153850666658706,0.000540045478188487,-0.154390712136894
"parsimonious_cox",290,-0.164962977960206,-0.00870531264621472,-0.156257665313991
"parsimonious_cox",291,-0.0557024445027568,0.0223402307164671,-0.078042675219224
"parsimonious_cox",292,-0.399438396476256,-0.0703885827950205,-0.329049813681235
"parsimonious_cox",293,-0.1727582979058,0.0280553421827795,-0.200813640088579
"parsimonious_cox",294,-0.314094054551475,0.019274513164015,-0.33336856771549
"parsimonious_cox",295,-0.365443193906935,-0.0206562210651042,-0.34478697284183
"parsimonious_cox",296,-0.236751340873987,-0.016988908351846,-0.219762432522141
"parsimonious_cox",297,-0.188525033812915,-0.0342305858356167,-0.154294447977298
"parsimonious_cox",298,-0.0548183645660442,0.0170302422802165,-0.0718486068462608
"parsimonious_cox",299,-0.285720129348844,0.0128151703444059,-0.29853529969325
"parsimonious_cox",300,-0.207030594216454,-0.025823302542885,-0.181207291673569
"parsimonious_cox",301,-0.325914439294427,-0.0394202729670162,-0.286494166327411
"parsimonious_cox",302,-0.282092998988575,-0.0341147117181234,-0.247978287270451
"parsimonious_cox",303,-0.1810861224144,-0.0378292908324855,-0.143256831581915
"parsimonious_cox",304,-0.206846978275941,0.0141972593089433,-0.221044237584884
"parsimonious_cox",305,-0.230760230035868,-0.0567077335328013,-0.174052496503067
"parsimonious_cox",306,-0.139711739264699,0.0267883826771906,-0.16650012194189
"parsimonious_cox",307,-0.14335507667399,0.037032562976435,-0.180387639650425
"parsimonious_cox",308,-0.285933837411699,-0.0325239352673914,-0.253409902144308
"parsimonious_cox",309,-0.196284870275403,-0.0325972881588348,-0.163687582116568
"parsimonious_cox",310,-0.12756152693199,-0.031339947482693,-0.096221579449297
"parsimonious_cox",311,-0.224139646023616,0.0322480070871449,-0.256387653110761
"parsimonious_cox",312,-0.0574462296961023,0.0541329648829448,-0.111579194579047
"parsimonious_cox",313,-0.370060082929034,-0.0342185147088625,-0.335841568220172
"parsimonious_cox",314,-0.253036692589232,-0.0393293885646147,-0.213707304024617
"parsimonious_cox",315,-0.174051712435598,-0.0355610704115955,-0.138490642024002
"parsimonious_cox",316,-0.353010833834336,-0.0995356657829582,-0.253475168051378
"parsimonious_cox",317,-0.147979591051996,0.0421544034920002,-0.190133994543997
"parsimonious_cox",318,-0.275252075157649,0.041415167773862,-0.316667242931511
"parsimonious_cox",319,-0.192361085195502,0.0413312288587914,-0.233692314054294
"parsimonious_cox",320,-0.194607274767842,0.0118520840371829,-0.206459358805025
"parsimonious_cox",321,-0.31086534098238,-0.0347849716397614,-0.276080369342619
"parsimonious_cox",322,-0.144709530987129,0.0388894413343608,-0.183598972321489
"parsimonious_cox",323,-0.318929208528081,-0.0235582821760247,-0.295370926352057
"parsimonious_cox",324,-0.21081631081772,-0.0407976860526863,-0.170018624765034
"parsimonious_cox",325,-0.273408131578584,-0.000140791920870276,-0.273267339657713
"parsimonious_cox",326,-0.136823332778071,0.00938212332476676,-0.146205456102838
"parsimonious_cox",327,-0.277318558548968,-0.0168034892494485,-0.26051506929952
"parsimonious_cox",328,-0.264524988273481,-0.0297380284311991,-0.234786959842282
"parsimonious_cox",329,-0.286139745005939,-0.000331852108037134,-0.285807892897902
"parsimonious_cox",330,-0.228282490722594,0.0463911180921269,-0.274673608814721
"parsimonious_cox",331,-0.0513363727377321,0.0256292494150354,-0.0769656221527675
"parsimonious_cox",332,-0.0516194914560008,0.0115616914984009,-0.0631811829544016
"parsimonious_cox",333,-0.0375237179876418,-0.0043870061889699,-0.0331367117986719
"parsimonious_cox",334,-0.139847288603013,-0.0622253063126658,-0.0776219822903473
"parsimonious_cox",335,-0.317017343505775,-0.109693706692641,-0.207323636813134
"parsimonious_cox",336,-0.113458427649768,0.00944652410023791,-0.122904951750005
"parsimonious_cox",337,-0.0260757626887565,-0.0524319688659371,0.0263562061771806
"parsimonious_cox",338,-0.219717407488479,-0.0543085068534217,-0.165408900635057
"parsimonious_cox",339,-0.223081179079504,-0.0273498935071245,-0.195731285572379
"parsimonious_cox",340,-0.193603743360029,0.0105047926731427,-0.204108536033172
"parsimonious_cox",341,-0.0524688148190288,-0.0139381955175858,-0.038530619301443
"parsimonious_cox",342,-0.36586730183479,-0.0425314525205943,-0.323335849314195
"parsimonious_cox",343,-0.174484172148003,-0.0244243693298033,-0.1500598028182
"parsimonious_cox",344,-0.123647377696645,-0.00525898579268577,-0.118388391903959
"parsimonious_cox",345,-0.275065341886677,0.0240388809424154,-0.299104222829093
"parsimonious_cox",346,-0.256213685622343,-0.00760538652454922,-0.248608299097793
"parsimonious_cox",347,-0.140337878667887,-0.0428335664621497,-0.0975043122057378
"parsimonious_cox",348,-0.139101728082097,0.000483363264390264,-0.139585091346487
"parsimonious_cox",349,-0.192290558860698,-0.032597863440178,-0.15969269542052
"parsimonious_cox",350,-0.451872933664772,-0.012141521197606,-0.439731412467166
"parsimonious_cox",351,-0.228474600408224,-0.0114850379534644,-0.216989562454759
"parsimonious_cox",352,-0.0596368418362554,0.051192582121921,-0.110829423958176
"parsimonious_cox",353,-0.372487645392189,-0.0389285889211804,-0.333559056471009
"parsimonious_cox",354,-0.0746878659512737,0.00784058452696834,-0.0825284504782421
"parsimonious_cox",355,-0.209545496846078,0.0175940990952088,-0.227139595941287
"parsimonious_cox",356,-0.340104941843795,0.0226244855647754,-0.36272942740857
"parsimonious_cox",357,-0.104015209482236,-0.0180006623628761,-0.0860145471193601
"parsimonious_cox",358,-0.15553698664554,0.00794995545397809,-0.163486942099518
"parsimonious_cox",359,-0.604329278517211,-0.0685006304303195,-0.535828648086892
"parsimonious_cox",360,-0.243658247693511,-0.0135149103954807,-0.23014333729803
"parsimonious_cox",361,-0.337872210541254,-0.0212675854163958,-0.316604625124858
"parsimonious_cox",362,-0.31725517135082,0.0550613470529622,-0.372316518403782
"parsimonious_cox",363,-0.2336533896175,-0.0260346311744584,-0.207618758443042
"parsimonious_cox",364,-0.160567841591799,-0.0195383736711428,-0.141029467920656
"parsimonious_cox",365,-0.467918407051783,-0.091783305616721,-0.376135101435062
"parsimonious_cox",366,-0.36376544711516,-0.0806825219148173,-0.283082925200343
"parsimonious_cox",367,-0.0989528977197221,-0.0180163118052294,-0.0809365859144927
"parsimonious_cox",368,-0.2191347246978,-0.0150048311907395,-0.20412989350706
"parsimonious_cox",369,-0.193210794876186,-0.0185845359644696,-0.174626258911716
"parsimonious_cox",370,-0.213776541346391,-0.0199719352771949,-0.193804606069197
"parsimonious_cox",371,-0.192010352530657,-0.0198551929738763,-0.172155159556781
"parsimonious_cox",372,-0.238307593722359,-0.0669675773528435,-0.171340016369515
"parsimonious_cox",373,-0.228548344065116,-0.0526337364241626,-0.175914607640953
"parsimonious_cox",374,-0.264326253556223,0.00913566256148475,-0.273461916117707
"parsimonious_cox",375,-0.173920404379428,-0.0102380224163803,-0.163682381963048
"parsimonious_cox",376,-0.340133374158196,0.0193836387566445,-0.35951701291484
"parsimonious_cox",377,-0.229641253051252,0.0315955347521935,-0.261236787803445
"parsimonious_cox",378,-0.0842211721721305,-0.0115330265017609,-0.0726881456703696
"parsimonious_cox",379,-0.283228827843552,-0.0401863409696391,-0.243042486873913
"parsimonious_cox",380,-0.146182455940955,0.0298796708834847,-0.17606212682444
"parsimonious_cox",381,-0.307075279474867,-0.04362226122827,-0.263453018246597
"parsimonious_cox",382,-0.301198321472785,-0.0298353768451137,-0.271362944627671
"parsimonious_cox",383,-0.298502020031072,0.0584576181614761,-0.356959638192548
"parsimonious_cox",384,-0.127022850460858,0.00109400012468558,-0.128116850585544
"parsimonious_cox",385,-0.349431468122284,-0.0362607391170269,-0.313170729005257
"parsimonious_cox",386,-0.2022912584421,-0.0141043035832039,-0.188186954858896
"parsimonious_cox",387,-0.152737217963164,0.0502921403097601,-0.203029358272924
"parsimonious_cox",388,-0.277862744798318,-0.00772162708038086,-0.270141117717937
"parsimonious_cox",389,-0.0725513637638238,-0.0206530197349687,-0.051898344028855
"parsimonious_cox",390,-0.428028426452507,-0.00200053643853065,-0.426027890013977
"parsimonious_cox",391,-0.436182701821058,-0.0429837012686617,-0.393199000552396
"parsimonious_cox",392,-0.206636092389676,0.0135746278521418,-0.220210720241817
"parsimonious_cox",393,-0.161704575748893,-0.0192518931748759,-0.142452682574017
"parsimonious_cox",394,-0.0602262514041487,0.0301782422522342,-0.0904044936563829
"parsimonious_cox",395,-0.101915787036721,-0.0529268696234303,-0.0489889174132908
"parsimonious_cox",396,-0.158553317147387,0.0310922959924714,-0.189645613139858
"parsimonious_cox",397,-0.238160949757195,0.0553870202561403,-0.293547970013335
"parsimonious_cox",398,-0.218942262255952,0.040598814428903,-0.259541076684855
"parsimonious_cox",399,-0.179935580010334,-0.0430951101069004,-0.136840469903434
"parsimonious_cox",400,-0.212795051596332,-0.0356476757906194,-0.177147375805713
"parsimonious_cox",401,-0.158764083322299,-0.00180307646629719,-0.156961006856002
"parsimonious_cox",402,-0.0726590872718848,0.012443482049193,-0.0851025693210777
"parsimonious_cox",403,-0.0726789322974402,-0.00490227209510112,-0.0677766602023391
"parsimonious_cox",404,-0.329391717209202,-0.0228808555149124,-0.30651086169429
"parsimonious_cox",405,-0.121812619121949,0.0180919424456497,-0.139904561567599
"parsimonious_cox",406,-0.112735258060883,0.0190953100924099,-0.131830568153292
"parsimonious_cox",407,-0.314325335584917,-0.0548251041668767,-0.25950023141804
"parsimonious_cox",408,-0.0304488219618776,0.0218071232078052,-0.0522559451696828
"parsimonious_cox",409,-0.349436847641295,0.0653362754060821,-0.414773123047377
"parsimonious_cox",410,-0.184831290988314,-0.0198581095486777,-0.164973181439637
"parsimonious_cox",411,-0.203995801983385,-0.0456992191357112,-0.158296582847674
"parsimonious_cox",412,-0.325075464236545,-0.0347684541772406,-0.290307010059305
"parsimonious_cox",413,-0.226181681670922,-0.0139801027545821,-0.21220157891634
"parsimonious_cox",414,-0.24835613105949,0.00310090829401615,-0.251457039353506
"parsimonious_cox",415,-0.298697782594716,-0.0342812404792113,-0.264416542115505
"parsimonious_cox",416,-0.134814564394516,-0.0301720371227456,-0.10464252727177
"parsimonious_cox",417,-0.135058797733139,0.00876144115253783,-0.143820238885677
"parsimonious_cox",418,-0.164310832005349,-0.0292596449203729,-0.135051187084976
"parsimonious_cox",419,-0.330332313398951,-0.000185064895239598,-0.330147248503711
"parsimonious_cox",420,-0.0665254983351742,0.0296244929173208,-0.096149991252495
"parsimonious_cox",421,-0.0968311951455939,-0.0439838726882651,-0.0528473224573288
"parsimonious_cox",422,-0.154976789478341,-0.0625101493841455,-0.0924666400941955
"parsimonious_cox",423,-0.0557221739432991,0.000511827310392547,-0.0562340012536917
"parsimonious_cox",424,-0.105319771687809,-0.0342382552487834,-0.0710815164390258
"parsimonious_cox",425,-0.159046988647814,0.0240228597914847,-0.183069848439298
"parsimonious_cox",426,-0.210367027837637,-0.0176455075433076,-0.19272152029433
"parsimonious_cox",427,-0.23587123265619,-0.0171015833366561,-0.218769649319534
"parsimonious_cox",428,-0.378471841293686,-0.0188063894463112,-0.359665451847375
"parsimonious_cox",429,-0.0738909396575034,0.0189392693991247,-0.0928302090566281
"parsimonious_cox",430,-0.0986078729338512,0.0366535264256856,-0.135261399359537
"parsimonious_cox",431,-0.354926291849678,-0.0625349842236146,-0.292391307626064
"parsimonious_cox",432,-0.464696437272518,-0.0178589411808105,-0.446837496091708
"parsimonious_cox",433,-0.182570641321719,-0.0327906804390104,-0.149779960882708
"parsimonious_cox",434,-0.109996226574293,0.0324568650517518,-0.142453091626045
"parsimonious_cox",435,-0.0500237851954671,0.0128235066204689,-0.0628472918159359
"parsimonious_cox",436,-0.278513268620712,-0.00256922682115675,-0.275944041799555
"parsimonious_cox",437,-0.140685854814886,0.00861572381436332,-0.14930157862925
"parsimonious_cox",438,-0.261558685805811,-0.0273630241957694,-0.234195661610042
"parsimonious_cox",439,-0.148931180992475,0.0335388536676012,-0.182470034660076
"parsimonious_cox",440,-0.079224787007315,0.00204949928237,-0.081274286289685
"parsimonious_cox",441,-0.0147424095129114,0.0707306071209577,-0.0854730166338691
"parsimonious_cox",442,-0.163771068957326,0.0156821655029491,-0.179453234460275
"parsimonious_cox",443,-0.164186225703402,0.100005424314219,-0.264191650017621
"parsimonious_cox",444,-0.0220130098233444,0.075268678382831,-0.0972816882061755
"parsimonious_cox",445,-0.201759496073949,0.0268924673235076,-0.228651963397457
"parsimonious_cox",446,-0.288423034716723,-0.0519707820500421,-0.23645225266668
"parsimonious_cox",447,-0.121150668180045,0.0070692004457187,-0.128219868625764
"parsimonious_cox",448,-0.340854244541491,-0.00645570778421216,-0.334398536757279
"parsimonious_cox",449,-0.186796645607395,-0.0486362983050505,-0.138160347302345
"parsimonious_cox",450,-0.0987127124769031,-0.0194890565090913,-0.0792236559678118
"parsimonious_cox",451,-0.232028601030728,-0.02286138705598,-0.209167213974748
"parsimonious_cox",452,-0.285709846011286,-0.024079615188082,-0.261630230823204
"parsimonious_cox",453,-0.486596981754485,-0.117490615014796,-0.369106366739689
"parsimonious_cox",454,-0.117933601603914,0.00431273274611114,-0.122246334350025
"parsimonious_cox",455,-0.31831112534884,-0.0161404475047585,-0.302170677844082
"parsimonious_cox",456,0.0347824442286545,0.0208729699865802,0.0139094742420743
"parsimonious_cox",457,-0.463252362782987,-0.0588864776627777,-0.404365885120209
"parsimonious_cox",458,-0.37813992819725,-0.112345948531985,-0.265793979665266
"parsimonious_cox",459,-0.143181399191891,0.00988074791553546,-0.153062147107427
"parsimonious_cox",460,-0.373904215233274,-0.115462070849741,-0.258442144383532
"parsimonious_cox",461,-0.332098480242979,-0.0468139082453881,-0.28528457199759
"parsimonious_cox",462,-0.432070209720105,-0.00207739380545824,-0.429992815914647
"parsimonious_cox",463,-0.307157753382756,0.00890059457128616,-0.316058347954042
"parsimonious_cox",464,-0.156124691576329,0.0324456822142513,-0.18857037379058
"parsimonious_cox",465,-0.244939202465846,-0.028430506836812,-0.216508695629034
"parsimonious_cox",466,-0.420562420145586,0.0206132304484943,-0.441175650594081
"parsimonious_cox",467,-0.63029850470843,-0.0685383839769294,-0.561760120731501
"parsimonious_cox",468,-0.275261796963971,-0.0567188570018687,-0.218542939962102
"parsimonious_cox",469,-0.365275567137645,-0.0335409370175052,-0.331734630120139
"parsimonious_cox",470,-0.138119878022548,-0.0159096613770008,-0.122210216645547
"parsimonious_cox",471,-0.0933676642323527,-0.0443022671990266,-0.049065397033326
"parsimonious_cox",472,-0.247166765780742,-0.0146735091125075,-0.232493256668234
"parsimonious_cox",473,-0.359972678741309,0.0756903896887845,-0.435663068430093
"parsimonious_cox",474,-0.208255528800853,0.00983395660186697,-0.21808948540272
"parsimonious_cox",475,-0.170440854860251,-0.0264288922195981,-0.144011962640653
"parsimonious_cox",476,-0.189644163582332,0.0422633596530648,-0.231907523235397
"parsimonious_cox",477,-0.162874870543994,0.0270343381758242,-0.189909208719818
"parsimonious_cox",478,-0.366820382320896,-0.0113939196048151,-0.355426462716081
"parsimonious_cox",479,-0.352656967221409,-0.11715401275944,-0.235502954461969
"parsimonious_cox",480,-0.0166591540699878,0.0360060390827143,-0.0526651931527021
"parsimonious_cox",481,-0.141614869568792,-0.0535939584931761,-0.088020911075616
"parsimonious_cox",482,-0.278117523483861,0.00407544851057407,-0.282192971994435
"parsimonious_cox",483,-0.196808227620827,0.0473602023022106,-0.244168429923038
"parsimonious_cox",484,-0.22771621213495,-0.0542904133251939,-0.173425798809757
"parsimonious_cox",485,-0.275312562260451,-0.0324149410378497,-0.242897621222601
"parsimonious_cox",486,-0.129088164277829,0.00519402794924554,-0.134282192227075
"parsimonious_cox",487,-0.261742272601641,-0.0539536025812634,-0.207788670020378
"parsimonious_cox",488,-0.337286816835384,-0.0924306346043711,-0.244856182231013
"parsimonious_cox",489,-0.00211404940942112,0.0470047161858646,-0.0491187655952857
"parsimonious_cox",490,-0.197095425107894,-0.0120256421009964,-0.185069783006897
"parsimonious_cox",491,-0.301719759624966,-0.016496052937642,-0.285223706687324
"parsimonious_cox",492,-0.241930982799888,0.0105420410537381,-0.252473023853626
"parsimonious_cox",493,-0.275215015705451,-0.0246202582799046,-0.250594757425546
"parsimonious_cox",494,-0.0912029276380156,0.0488242546462944,-0.14002718228431
"parsimonious_cox",495,-0.158301957330925,-0.0168143142102206,-0.141487643120704
"parsimonious_cox",496,-0.318492112587281,-0.0466345263269871,-0.271857586260294
"parsimonious_cox",497,-0.217648452283523,-0.0244312722659803,-0.193217180017543
"parsimonious_cox",498,-0.127047143495573,-0.0324695429029984,-0.094577600592575
"parsimonious_cox",499,-0.336100878551187,0.0695132640466777,-0.405614142597865
"parsimonious_cox",500,-0.0926501529112368,0.0346793593469807,-0.127329512258218
"parsimonious_cox",501,-0.280594362683725,-0.0577674418515218,-0.222826920832203
"parsimonious_cox",502,-0.328523617053861,0.0604905288271929,-0.389014145881054
"parsimonious_cox",503,-0.162410322913106,-0.0515823495299851,-0.110827973383121
"parsimonious_cox",504,-0.40385550466559,-0.0215901637616397,-0.38226534090395
"parsimonious_cox",505,-0.297701043491406,-0.0315886728201668,-0.26611237067124
"parsimonious_cox",506,-0.103028022471119,0.0168116228398329,-0.119839645310952
"parsimonious_cox",507,-0.281975455177735,-0.0126535784091008,-0.269321876768634
"parsimonious_cox",508,-0.174343747855841,-0.0197444959086779,-0.154599251947163
"parsimonious_cox",509,-0.377742999372851,-0.0181531926012205,-0.35958980677163
"parsimonious_cox",510,-0.314464389616335,-0.0258400897376942,-0.288624299878641
"parsimonious_cox",511,-0.365717699217537,-0.0419632704984237,-0.323754428719113
"parsimonious_cox",512,-0.43765885456336,-0.00211756197738552,-0.435541292585975
"parsimonious_cox",513,-0.1546325977228,0.0155996392157795,-0.170232236938579
"parsimonious_cox",514,-0.397529327124969,-0.148193203926334,-0.249336123198635
"parsimonious_cox",515,-0.285805762240277,-0.0774949862761201,-0.208310775964157
"parsimonious_cox",516,-0.284915904906937,0.0450961425459903,-0.330012047452927
"parsimonious_cox",517,-0.162399175294483,0.0111156929914152,-0.173514868285898
"parsimonious_cox",518,-0.104726307971135,-0.0378647365165122,-0.0668615714546226
"parsimonious_cox",519,-0.157831083393272,-0.0175955220101882,-0.140235561383084
"parsimonious_cox",520,-0.148432785797089,0.0328080985707958,-0.181240884367885
"parsimonious_cox",521,-0.279690217768871,-0.0558620523740021,-0.223828165394868
"parsimonious_cox",522,-0.535480232082129,-0.127660814190009,-0.40781941789212
"parsimonious_cox",523,-0.14519218682535,-0.0176601831763843,-0.127532003648966
"parsimonious_cox",524,-0.603253490112012,0.000499048150880497,-0.603752538262893
"parsimonious_cox",525,-0.135512738447915,-0.00982950696078875,-0.125683231487126
"parsimonious_cox",526,-0.346495352031311,-0.0202915905622271,-0.326203761469084
"parsimonious_cox",527,-0.146791656825667,-0.0602904188641456,-0.0865012379615214
"parsimonious_cox",528,-0.232715670915144,-0.000473518461008974,-0.232242152454135
"parsimonious_cox",529,-0.197123374047213,-0.0406674023055604,-0.156455971741653
"parsimonious_cox",530,-0.396474035006225,-0.0300043009160182,-0.366469734090207
"parsimonious_cox",531,-0.663218998264383,-0.0235700336268933,-0.63964896463749
"parsimonious_cox",532,-0.223414029753287,0.0132041454949157,-0.236618175248203
"parsimonious_cox",533,-0.246277865735176,-0.0258276135495002,-0.220450252185676
"parsimonious_cox",534,-0.373445591463537,-0.0610892488190754,-0.312356342644462
"parsimonious_cox",535,-0.191818529544164,-0.0590313491492819,-0.132787180394882
"parsimonious_cox",536,-0.140892344615318,-0.02231331746515,-0.118579027150168
"parsimonious_cox",537,-0.175027741858361,-0.00538728555939357,-0.169640456298967
"parsimonious_cox",538,-0.30373108023372,0.0200733391120058,-0.323804419345726
"parsimonious_cox",539,-0.079500387499722,-0.0225740111291814,-0.0569263763705406
"parsimonious_cox",540,-0.382121810845018,-0.0667189761280614,-0.315402834716957
"parsimonious_cox",541,-0.101244498409414,0.00137749049689164,-0.102621988906305
"parsimonious_cox",542,-0.226992429436917,0.00322634718950083,-0.230218776626418
"parsimonious_cox",543,-0.293272237817912,0.00229341569719228,-0.295565653515104
"parsimonious_cox",544,-0.219826560913915,-0.0157696462893906,-0.204056914624525
"parsimonious_cox",545,-0.205483293011194,0.0331033554300781,-0.238586648441272
"parsimonious_cox",546,-0.0895531792015403,-0.0378647591917787,-0.0516884200097616
"parsimonious_cox",547,-0.223245542704816,-0.0172378823380518,-0.206007660366764
"parsimonious_cox",548,-0.144556232681961,-0.00872644108590956,-0.135829791596051
"parsimonious_cox",549,-0.343376193808601,0.0253194827713599,-0.368695676579961
"parsimonious_cox",550,-0.136790178779708,-0.00745417988868244,-0.129335998891025
"parsimonious_cox",551,-0.280634959317765,0.0100848059540645,-0.290719765271829
"parsimonious_cox",552,-0.553688947166852,-0.0772384454584465,-0.476450501708405
"parsimonious_cox",553,-0.271785629614065,0.00354505589881111,-0.275330685512876
"parsimonious_cox",554,-0.260626745826506,-0.0088746104381313,-0.251752135388375
"parsimonious_cox",555,-0.248717574440556,-0.0208528429563982,-0.227864731484158
"parsimonious_cox",556,-0.142601682388823,-0.0266934524316496,-0.115908229957174
"parsimonious_cox",557,-0.177596824925727,-0.0302450425502829,-0.147351782375444
"parsimonious_cox",558,-0.232475126720985,0.0167268160552488,-0.249201942776233
"parsimonious_cox",559,-0.269341831961246,0.0160402592169416,-0.285382091178187
"parsimonious_cox",560,-0.143585987791722,-0.0235608075575612,-0.120025180234161
"parsimonious_cox",561,-0.23999353691337,-0.0324464950169169,-0.207547041896453
"parsimonious_cox",562,-0.239739520496252,0.0245737686128989,-0.264313289109151
"parsimonious_cox",563,-0.188216541715255,-0.0299897553630962,-0.158226786352159
"parsimonious_cox",564,-0.0899463703390049,0.0274839933807539,-0.117430363719759
"parsimonious_cox",565,-0.304515380874578,-0.0531468816137734,-0.251368499260805
"parsimonious_cox",566,-0.362925766099502,0.00401331041127258,-0.366939076510774
"parsimonious_cox",567,-0.203380802322451,-0.0655219721714263,-0.137858830151025
"parsimonious_cox",568,-0.271618668685914,-0.018350709075651,-0.253267959610263
"parsimonious_cox",569,-0.0603952013960183,0.0666482584234784,-0.127043459819497
"parsimonious_cox",570,-0.143464134173032,-0.0270131734660234,-0.116450960707009
"parsimonious_cox",571,-0.0679557594159322,0.0191421749935655,-0.0870979344094977
"parsimonious_cox",572,-0.427475236061086,-0.0564091634831806,-0.371066072577905
"parsimonious_cox",573,-0.367930302677656,-0.0699339324472341,-0.297996370230422
"parsimonious_cox",574,-0.142965687350152,0.00275841538113823,-0.14572410273129
"parsimonious_cox",575,-0.201138934679277,-0.0017619696969885,-0.199376964982288
"parsimonious_cox",576,-0.0847720948573274,-0.0218354144849501,-0.0629366803723773
"parsimonious_cox",577,-0.212316996469936,-0.0254819697930774,-0.186835026676858
"parsimonious_cox",578,-0.228657908965715,-0.0375158667856631,-0.191142042180052
"parsimonious_cox",579,-0.180483784248596,0.0173881347768322,-0.197871919025428
"parsimonious_cox",580,-0.169886262231842,-0.0486356610278657,-0.121250601203977
"parsimonious_cox",581,-0.131678786122067,-0.0303782751192817,-0.101300511002786
"parsimonious_cox",582,-0.271820874944062,0.0179825268198666,-0.289803401763928
"parsimonious_cox",583,-0.231608076437822,-0.0510316330923998,-0.180576443345422
"parsimonious_cox",584,-0.139126780751771,-0.0201098297827817,-0.119016950968989
"parsimonious_cox",585,-0.0988172453687126,0.0749776965353589,-0.173794941904071
"parsimonious_cox",586,-0.471526944761956,-0.0461558091984464,-0.42537113556351
"parsimonious_cox",587,-0.0905243822372138,0.0960486195814797,-0.186573001818693
"parsimonious_cox",588,-0.278782850432836,-0.116925501904115,-0.161857348528721
"parsimonious_cox",589,-0.155918247933775,0.0216208271935425,-0.177539075127317
"parsimonious_cox",590,-0.343611662852611,0.0741338897475588,-0.41774555260017
"parsimonious_cox",591,-0.189894146393051,0.00439073398421098,-0.194284880377262
"parsimonious_cox",592,-0.359547899684567,-0.00288127851266522,-0.356666621171901
"parsimonious_cox",593,-0.171512702800313,-0.023383906463625,-0.148128796336688
"parsimonious_cox",594,-0.391260123816873,-0.0132767347656756,-0.377983389051198
"parsimonious_cox",595,-0.347076688919325,-0.0753737594591999,-0.271702929460125
"parsimonious_cox",596,-0.058176623194248,0.0135429385063351,-0.0717195617005831
"parsimonious_cox",597,-0.129445706005035,0.0214128523276211,-0.150858558332656
"parsimonious_cox",598,-0.388612913069246,0.0107915561021519,-0.399404469171398
"parsimonious_cox",599,-0.184785940816824,-0.0322762164122525,-0.152509724404571
"parsimonious_cox",600,-0.0851762664613744,0.0166223658996108,-0.101798632360985
"parsimonious_cox",601,-0.121207096752677,0.0209326128541488,-0.142139709606825
"parsimonious_cox",602,-0.104405371923698,0.052176707565574,-0.156582079489272
"parsimonious_cox",603,-0.311768532509842,0.00110031794716771,-0.312868850457009
"parsimonious_cox",604,-0.133853505315443,-0.0237866238211179,-0.110066881494325
"parsimonious_cox",605,-0.446808331756827,-0.0594811601369509,-0.387327171619877
"parsimonious_cox",606,-0.0912862999538251,0.0280783684536868,-0.119364668407512
"parsimonious_cox",607,-0.153005574032467,0.0761484291245154,-0.229154003156983
"parsimonious_cox",608,-0.238212209577524,0.0382347221750525,-0.276446931752577
"parsimonious_cox",609,-0.146832926490847,0.000705724911436182,-0.147538651402283
"parsimonious_cox",610,0.101044213139259,0.0403966295594273,0.0606475835798312
"parsimonious_cox",611,-0.139679483617114,0.0169227290381444,-0.156602212655258
"parsimonious_cox",612,-0.286362906038155,0.00785905966684181,-0.294221965704996
"parsimonious_cox",613,-0.052611191274999,0.0648295596112156,-0.117440750886215
"parsimonious_cox",614,-0.246191225467909,-0.0328151030980471,-0.213376122369862
"parsimonious_cox",615,-0.0421383852320217,0.0135636992512758,-0.0557020844832974
"parsimonious_cox",616,-0.202121017926147,-0.00843368234899684,-0.19368733557715
"parsimonious_cox",617,-0.0764036290818454,0.00233396099959425,-0.0787375900814396
"parsimonious_cox",618,-0.375217284770248,-0.03647580626072,-0.338741478509528
"parsimonious_cox",619,-0.18095746584763,-0.0317498266888566,-0.149207639158774
"parsimonious_cox",620,-0.103902799174208,0.0976829839568591,-0.201585783131067
"parsimonious_cox",621,-0.109116302538836,0.0224645070584725,-0.131580809597308
"parsimonious_cox",622,-0.100388972764461,0.0388687384329578,-0.139257711197418
"parsimonious_cox",623,-0.0935806204687527,-0.0241813604315628,-0.06939926003719
"parsimonious_cox",624,-0.07882418064471,0.0022479782324792,-0.0810721588771892
"parsimonious_cox",625,-0.117032783065992,0.0369287143897675,-0.153961497455759
"parsimonious_cox",626,-0.274994433867555,-0.0436339361968256,-0.23136049767073
"parsimonious_cox",627,-0.202375295484403,0.0125043056134855,-0.214879601097889
"parsimonious_cox",628,-0.0955077916434195,0.0364157994033645,-0.131923591046784
"parsimonious_cox",629,-0.342080934592918,-0.034892703174409,-0.307188231418509
"parsimonious_cox",630,-0.18179982591461,0.011576283019586,-0.193376108934196
"parsimonious_cox",631,-0.193523200594315,0.0503663224018973,-0.243889522996212
"parsimonious_cox",632,-0.141939094401224,0.012400143211204,-0.154339237612428
"parsimonious_cox",633,-0.373511088986114,-0.0159513944111603,-0.357559694574954
"parsimonious_cox",634,-0.38822316295423,-0.0711320045964382,-0.317091158357792
"parsimonious_cox",635,-0.200824182129243,-0.0334947868199487,-0.167329395309295
"parsimonious_cox",636,-0.165431732609885,-0.0213726839922866,-0.144059048617599
"parsimonious_cox",637,-0.132139859072041,-0.044021598813489,-0.0881182602585515
"parsimonious_cox",638,-0.327454787318914,-0.0443416118751438,-0.28311317544377
"parsimonious_cox",639,-0.267210839489217,-0.0206342295669675,-0.24657660992225
"parsimonious_cox",640,-0.216675849777538,-0.00141554543410776,-0.21526030434343
"parsimonious_cox",641,-0.291383454779387,-0.0327606923489218,-0.258622762430465
"parsimonious_cox",642,-0.0178096981367859,0.0472951348202235,-0.0651048329570095
"parsimonious_cox",643,-0.467681299225154,-0.0573982746055576,-0.410283024619597
"parsimonious_cox",644,-0.134617221561031,0.0348849837451038,-0.169502205306134
"parsimonious_cox",645,-0.226326330712454,-0.0398011298977396,-0.186525200814715
"parsimonious_cox",646,-0.181361183017791,-0.0162196483170275,-0.165141534700764
"parsimonious_cox",647,-0.139528710277739,-0.0390033259039602,-0.100525384373779
"parsimonious_cox",648,-0.229075669601139,-0.0167418227201971,-0.212333846880942
"parsimonious_cox",649,-0.187912081726349,-0.0668778989111534,-0.121034182815195
"parsimonious_cox",650,-0.153525104191496,-0.0521611412125432,-0.101363962978953
"parsimonious_cox",651,-0.0487293474363599,0.0144790026012087,-0.0632083500375685
"parsimonious_cox",652,-0.0920336366629203,0.0153832755968252,-0.107416912259746
"parsimonious_cox",653,-0.333169195882636,-0.00247974171531823,-0.330689454167317
"parsimonious_cox",654,-0.0703799407725415,0.0117260731298239,-0.0821060139023654
"parsimonious_cox",655,-0.34730963418973,0.0389932605207777,-0.386302894710508
"parsimonious_cox",656,-0.197776725888943,-0.0423719039806763,-0.155404821908267
"parsimonious_cox",657,-0.0864717020583167,0.0627329251753929,-0.14920462723371
"parsimonious_cox",658,-0.232401272947958,0.0385617128459008,-0.270962985793859
"parsimonious_cox",659,-0.154430139079485,0.042198513303272,-0.196628652382757
"parsimonious_cox",660,-0.143836034945079,0.0624266253661531,-0.206262660311232
"parsimonious_cox",661,-0.247087378898334,-0.0196643279699159,-0.227423050928418
"parsimonious_cox",662,-0.127028120302285,-0.0161525587426047,-0.11087556155968
"parsimonious_cox",663,-0.33548912884471,0.0133040049158229,-0.348793133760533
"parsimonious_cox",664,-0.182242141837838,-0.0191903797344175,-0.163051762103421
"parsimonious_cox",665,-0.290137536128048,-0.0503367382150437,-0.239800797913004
"parsimonious_cox",666,-0.280837706780857,-0.0123306172806451,-0.268507089500212
"parsimonious_cox",667,-0.109315459388826,-0.00942096730670799,-0.0998944920821185
"parsimonious_cox",668,-0.251873926592003,-0.0628359333982793,-0.189037993193723
"parsimonious_cox",669,-0.130902112645901,0.00382446919861246,-0.134726581844513
"parsimonious_cox",670,-0.0812155164590636,0.0447541744458805,-0.125969690904944
"parsimonious_cox",671,-0.0560986488474989,0.0150151208046633,-0.0711137696521622
"parsimonious_cox",672,-0.126844331382556,-0.00796380504445078,-0.118880526338105
"parsimonious_cox",673,-0.250467200294485,-0.0202970418892514,-0.230170158405233
"parsimonious_cox",674,-0.108793854983157,0.0369476427124701,-0.145741497695627
"parsimonious_cox",675,-0.104961468946531,0.00202702125764419,-0.106988490204175
"parsimonious_cox",676,-0.254366615572336,0.00240309897347724,-0.256769714545813
"parsimonious_cox",677,-0.51823769390201,-0.0321342148131091,-0.486103479088901
"parsimonious_cox",678,-0.127992652643261,0.0213640976922615,-0.149356750335522
"parsimonious_cox",679,-0.300652197050031,0.0233033159966602,-0.323955513046691
"parsimonious_cox",680,-0.411407583380418,-0.0429354656778101,-0.368472117702608
"parsimonious_cox",681,-0.268585141869925,-0.0187343794402705,-0.249850762429654
"parsimonious_cox",682,-0.0467498761281079,-0.00542621657553779,-0.0413236595525701
"parsimonious_cox",683,-0.120023588280794,0.0504120879802542,-0.170435676261048
"parsimonious_cox",684,-0.377106174043364,0.057630417551372,-0.434736591594736
"parsimonious_cox",685,-0.230223379271021,0.0112159962557831,-0.241439375526804
"parsimonious_cox",686,-0.381032114453846,-0.0257001302035767,-0.35533198425027
"parsimonious_cox",687,-0.0467962450718147,0.00696066540412043,-0.0537569104759351
"parsimonious_cox",688,-0.524608708946641,-0.00523998336418696,-0.519368725582454
"parsimonious_cox",689,-0.0970847232608105,0.0374006448989976,-0.134485368159808
"parsimonious_cox",690,-0.276265615197712,-0.0259549735857498,-0.250310641611962
"parsimonious_cox",691,0.00692445606453841,0.0430445934727939,-0.0361201374082554
"parsimonious_cox",692,-0.112551517339132,0.0131310699963885,-0.12568258733552
"parsimonious_cox",693,-0.178186253516451,-0.0474314453716194,-0.130754808144831
"parsimonious_cox",694,-0.0592486407349804,0.00930588299015174,-0.0685545237251321
"parsimonious_cox",695,-0.279260626298583,-0.0990230211267007,-0.180237605171882
"parsimonious_cox",696,-0.193952541375647,-0.0380406868490586,-0.155911854526588
"parsimonious_cox",697,-0.027638750371548,0.015964755130967,-0.043603505502515
"parsimonious_cox",698,-0.236494425216462,0.00516767650077565,-0.241662101717238
"parsimonious_cox",699,-0.1653337936791,-0.046309217364561,-0.119024576314539
"parsimonious_cox",700,-0.0968618816821012,-0.025519134717373,-0.0713427469647283
"parsimonious_cox",701,-0.369238067526244,-0.0153470403279239,-0.35389102719832
"parsimonious_cox",702,-0.325297851835627,-0.0202973202092045,-0.305000531626422
"parsimonious_cox",703,-0.161154850634648,0.0574580325728635,-0.218612883207511
"parsimonious_cox",704,-0.209085356670729,-0.0231271647149981,-0.185958191955731
"parsimonious_cox",705,-0.205693735567585,-0.0276908014950013,-0.178002934072584
"parsimonious_cox",706,-0.167259426104958,0.00927766450855453,-0.176537090613512
"parsimonious_cox",707,-0.287185066411247,0.0422515572599384,-0.329436623671185
"parsimonious_cox",708,-0.306130217679316,0.00978034536556555,-0.315910563044881
"parsimonious_cox",709,-0.135825403519987,0.00430655159878766,-0.140131955118775
"parsimonious_cox",710,-0.128283564250487,0.0833205974056921,-0.21160416165618
"parsimonious_cox",711,-0.154912686129513,0.00697386600637648,-0.161886552135889
"parsimonious_cox",712,-0.181794064501845,-0.0188745658521804,-0.162919498649665
"parsimonious_cox",713,-0.123011658546252,-0.037158072676286,-0.0858535858699659
"parsimonious_cox",714,-0.0340304397866097,0.0302593060610515,-0.0642897458476612
"parsimonious_cox",715,-0.206672369351648,-0.0521371002114013,-0.154535269140246
"parsimonious_cox",716,-0.228346037882769,0.0420264856733894,-0.270372523556158
"parsimonious_cox",717,-0.282753007801774,0.0114421250386226,-0.294195132840396
"parsimonious_cox",718,-0.20572861472739,-0.0384234261443505,-0.16730518858304
"parsimonious_cox",719,-0.315669819579932,-0.0611825490951005,-0.254487270484831
"parsimonious_cox",720,-0.52577837804053,-0.123092134724744,-0.402686243315786
"parsimonious_cox",721,-0.258058493337936,0.0194447293702802,-0.277503222708217
"parsimonious_cox",722,-0.176183622239818,-0.0606080679654159,-0.115575554274402
"parsimonious_cox",723,-0.219463661529354,-0.0302704153270589,-0.189193246202296
"parsimonious_cox",724,-0.340544476428622,-0.0230582811511745,-0.317486195277447
"parsimonious_cox",725,-0.151938238421852,-0.0268681951128796,-0.125070043308973
"parsimonious_cox",726,-0.161562167721515,0.0252719361498021,-0.186834103871317
"parsimonious_cox",727,-0.271149753992587,0.0131924773829266,-0.284342231375513
"parsimonious_cox",728,-0.0843755452199833,0.0280621932968941,-0.112437738516877
"parsimonious_cox",729,-0.268416616924558,0.0179686092308999,-0.286385226155458
"parsimonious_cox",730,-0.311552330199005,0.020189798336163,-0.331742128535168
"parsimonious_cox",731,-0.0303622751608351,-0.0704774431408565,0.0401151679800213
"parsimonious_cox",732,-0.502505913347054,-0.0672280545223018,-0.435277858824752
"parsimonious_cox",733,-0.282406124552202,-0.0791080584587327,-0.203298066093469
"parsimonious_cox",734,-0.159415856173756,-0.0465032565484844,-0.112912599625272
"parsimonious_cox",735,-0.186213358312953,-0.0110357645164197,-0.175177593796533
"parsimonious_cox",736,-0.22413310422012,0.0327025462538645,-0.256835650473985
"parsimonious_cox",737,-0.204321991545438,0.0178127111295367,-0.222134702674975
"parsimonious_cox",738,-0.0641720553521451,-0.0292486060843508,-0.0349234492677943
"parsimonious_cox",739,-0.219561656062817,-0.0380915803872403,-0.181470075675577
"parsimonious_cox",740,-0.0713963947671659,0.00657168852079109,-0.077968083287957
"parsimonious_cox",741,-0.34863238866976,-0.0931989591853111,-0.255433429484449
"parsimonious_cox",742,-0.203770023188446,-0.0159126163589328,-0.187857406829513
"parsimonious_cox",743,-0.172872469816874,0.000213355972181362,-0.173085825789055
"parsimonious_cox",744,-0.103126120158587,0.00381337004952515,-0.106939490208113
"parsimonious_cox",745,-0.0970362069062424,0.0361445880288853,-0.133180794935128
"parsimonious_cox",746,-0.0519889706863931,0.00162753559571733,-0.0536165062821104
"parsimonious_cox",747,-0.235781962852829,-0.00852585972775437,-0.227256103125075
"parsimonious_cox",748,-0.158174638274248,-0.0136926937415062,-0.144481944532742
"parsimonious_cox",749,-0.194092733134425,0.0849315536198923,-0.279024286754318
"parsimonious_cox",750,-0.251734490986434,0.0136357885470822,-0.265370279533516
"parsimonious_cox",751,-0.133975791192678,0.0185379976131228,-0.152513788805801
"parsimonious_cox",752,-0.0997417061516061,0.0380899477121935,-0.1378316538638
"parsimonious_cox",753,-0.416927150469549,-0.052537626153779,-0.36438952431577
"parsimonious_cox",754,-0.176909995768387,-0.000437455271551734,-0.176472540496835
"parsimonious_cox",755,-0.35860228343084,-0.0366923543048838,-0.321909929125956
"parsimonious_cox",756,-0.199177372808503,-0.031490857149693,-0.16768651565881
"parsimonious_cox",757,-0.311827702933137,-0.124808941952741,-0.187018760980396
"parsimonious_cox",758,-0.256551741719235,-0.00385055081449454,-0.25270119090474
"parsimonious_cox",759,-0.105961987581322,-0.00980876708616205,-0.0961532204951598
"parsimonious_cox",760,-0.0418450335083147,0.0312367726950365,-0.0730818062033513
"parsimonious_cox",761,-0.177617100820203,0.0289687097114758,-0.206585810531679
"parsimonious_cox",762,-0.159059715450671,-0.0553099271637858,-0.103749788286885
"parsimonious_cox",763,-0.0824666831629839,0.0185009163273823,-0.100967599490366
"parsimonious_cox",764,-0.252101533439975,-0.0327859764322629,-0.219315557007712
"parsimonious_cox",765,-0.258945506084342,-0.084796773825724,-0.174148732258618
"parsimonious_cox",766,-0.0243572692182897,0.000757278788315692,-0.0251145480066053
"parsimonious_cox",767,-0.228970168164952,-0.0469571997675738,-0.182012968397378
"parsimonious_cox",768,-0.197461165672942,-0.0679015252303669,-0.129559640442575
"parsimonious_cox",769,-0.121431032848251,0.0206570821360673,-0.142088114984319
"parsimonious_cox",770,-0.0076309235364651,0.0883527982388686,-0.0959837217753337
"parsimonious_cox",771,-0.092879524533122,-0.0175679890250217,-0.0753115355081003
"parsimonious_cox",772,-0.120744912306279,-0.0132858093902376,-0.107459102916041
"parsimonious_cox",773,-0.0994648758977092,0.020098774655157,-0.119563650552866
"parsimonious_cox",774,-0.123643580338525,-0.0318920369706321,-0.0917515433678928
"parsimonious_cox",775,-0.229323107866503,-0.0516564536066352,-0.177666654259868
"parsimonious_cox",776,-0.284195598993566,0.0209681418013369,-0.305163740794903
"parsimonious_cox",777,-0.247813203731313,-0.0414463798077605,-0.206366823923552
"parsimonious_cox",778,-0.226540101098706,-0.0166192073501652,-0.209920893748541
"parsimonious_cox",779,-0.133279496411201,0.0139147774288863,-0.147194273840088
"parsimonious_cox",780,-0.127596942184737,-0.0343647582123245,-0.093232183972412
"parsimonious_cox",781,-0.225393936057999,0.01174273664381,-0.237136672701809
"parsimonious_cox",782,-0.1833026480947,0.00606761181303994,-0.189370259907739
"parsimonious_cox",783,-0.488494984371747,0.00593191716816398,-0.494426901539911
"parsimonious_cox",784,-0.274214571152172,-0.00300299210762746,-0.271211579044544
"parsimonious_cox",785,-0.233924815515835,-0.0194798575786535,-0.214444957937181
"parsimonious_cox",786,-0.133398442242834,0.0172221558399454,-0.150620598082779
"parsimonious_cox",787,-0.0350493967014316,0.0259551508546895,-0.0610045475561211
"parsimonious_cox",788,-0.326786388681706,-0.0548902969704358,-0.27189609171127
"parsimonious_cox",789,-0.205714613724664,-0.0240162883250563,-0.181698325399607
"parsimonious_cox",790,-0.0168753774654596,0.0270947405546213,-0.0439701180200809
"parsimonious_cox",791,-0.186290627644767,-0.00756466709745166,-0.178725960547315
"parsimonious_cox",792,-0.451215026540201,-0.0626240862415273,-0.388590940298674
"parsimonious_cox",793,-0.253751977651646,-0.0747832197691037,-0.178968757882543
"parsimonious_cox",794,-0.440877817577343,-0.043253256254033,-0.39762456132331
"parsimonious_cox",795,-0.142542669446574,-0.00216670889452758,-0.140375960552046
"parsimonious_cox",796,-0.115219097028905,-0.0260431100193078,-0.0891759870095975
"parsimonious_cox",797,-0.330679471914918,-0.0846839509797448,-0.245995520935173
"parsimonious_cox",798,-0.0849511045286651,0.00172793032201502,-0.0866790348506801
"parsimonious_cox",799,-0.257997874655087,-0.0323798994714138,-0.225617975183674
"parsimonious_cox",800,-0.143162567621577,-0.0338268837848655,-0.109335683836711
"parsimonious_cox",801,-0.0495735821454174,-0.0345736653173535,-0.0149999168280639
"parsimonious_cox",802,-0.397633721402802,-0.0474860451565304,-0.350147676246271
"parsimonious_cox",803,-0.389085435351282,-0.0428736133222654,-0.346211822029016
"parsimonious_cox",804,-0.18874090028146,0.0167689443313592,-0.205509844612819
"parsimonious_cox",805,-0.11808902013464,0.0369161907615906,-0.155005210896231
"parsimonious_cox",806,-0.18420679493724,-0.0149480451529807,-0.16925874978426
"parsimonious_cox",807,-0.211196059321903,-0.0488418805088139,-0.162354178813089
"parsimonious_cox",808,-0.143414316945711,0.0382847642730233,-0.181699081218735
"parsimonious_cox",809,-0.206802112359752,0.049991003386603,-0.256793115746355
"parsimonious_cox",810,-0.0925424592436761,0.00360155633792872,-0.0961440155816049
"parsimonious_cox",811,-0.298498367219304,-0.0466487710042923,-0.251849596215012
"parsimonious_cox",812,-0.139275798708029,-0.036118871003765,-0.103156927704264
"parsimonious_cox",813,-0.376969482961128,-0.0429376048045129,-0.334031878156615
"parsimonious_cox",814,-0.323381082437523,0.0202239093685675,-0.343604991806091
"parsimonious_cox",815,-0.490521367365334,-0.0641757451854782,-0.426345622179856
"parsimonious_cox",816,-0.176147360848441,-0.00466038392452339,-0.171486976923917
"parsimonious_cox",817,-0.102937569403983,0.0350591416750125,-0.137996711078996
"parsimonious_cox",818,-0.099313032572082,-0.00294045450829915,-0.0963725780637828
"parsimonious_cox",819,-0.0725304207327178,0.002597587742991,-0.0751280084757088
"parsimonious_cox",820,-0.276343638435815,-0.0130928971531526,-0.263250741282663
"parsimonious_cox",821,-0.234530697862782,0.0196235376259281,-0.25415423548871
"parsimonious_cox",822,-0.26138058772191,-0.0107956696683949,-0.250584918053515
"parsimonious_cox",823,-0.0618829840946262,0.0313987044082225,-0.0932816885028487
"parsimonious_cox",824,-0.249878258092843,-0.030844824353421,-0.219033433739422
"parsimonious_cox",825,-0.197617880001321,0.0357617131333893,-0.23337959313471
"parsimonious_cox",826,-0.328118984147709,-0.158883020055327,-0.169235964092381
"parsimonious_cox",827,-0.199317248240419,-0.0115552442783382,-0.187762003962081
"parsimonious_cox",828,-0.143799968255073,0.0283827401413305,-0.172182708396403
"parsimonious_cox",829,-0.401789673495987,-0.00872692443147782,-0.39306274906451
"parsimonious_cox",830,-0.298630814759435,0.013928937946742,-0.312559752706177
"parsimonious_cox",831,-0.230982177918576,-0.0360407263473447,-0.194941451571231
"parsimonious_cox",832,-0.155214234069744,0.0178890862490469,-0.173103320318791
"parsimonious_cox",833,-0.572817981252315,-0.00331890825217467,-0.569499073000141
"parsimonious_cox",834,-0.249613752660112,0.0519172169642552,-0.301530969624367
"parsimonious_cox",835,-0.161324520433092,0.0194061188659563,-0.180730639299048
"parsimonious_cox",836,-0.422957681345352,-0.121393047554733,-0.30156463379062
"parsimonious_cox",837,-0.0615693332839737,0.0133266445048978,-0.0748959777888715
"parsimonious_cox",838,-0.065917830732639,0.083056868102121,-0.14897469883476
"parsimonious_cox",839,-0.293053827214718,-0.0458141641575784,-0.24723966305714
"parsimonious_cox",840,-0.168681195458568,0.0045228884448668,-0.173204083903435
"parsimonious_cox",841,-0.130135158868361,-0.0330617025326239,-0.0970734563357369
"parsimonious_cox",842,-0.123943035281833,0.00363954927653294,-0.127582584558366
"parsimonious_cox",843,-0.103089430409811,-0.00443559417802352,-0.0986538362317871
"parsimonious_cox",844,-0.280945195175603,-0.0547247140050528,-0.22622048117055
"parsimonious_cox",845,-0.241759512616139,-0.0197414571681372,-0.222018055448002
"parsimonious_cox",846,-0.3320753345294,-0.0525982851097195,-0.27947704941968
"parsimonious_cox",847,-0.225267060312482,-0.0698078875759711,-0.155459172736511
"parsimonious_cox",848,-0.171447549763108,0.0984248508220808,-0.269872400585189
"parsimonious_cox",849,-0.186708320125851,-0.00409929840743273,-0.182609021718418
"parsimonious_cox",850,-0.128859738106484,-0.00825830076153986,-0.120601437344944
"parsimonious_cox",851,-0.131444156977892,-0.0311740423640027,-0.100270114613889
"parsimonious_cox",852,-0.0476899626192691,0.00127003353523561,-0.0489599961545047
"parsimonious_cox",853,-0.10435440090904,0.0181970445270505,-0.12255144543609
"parsimonious_cox",854,-0.29196493582492,-0.00688374840549074,-0.285081187419429
"parsimonious_cox",855,-0.203392680555944,-0.0674323745746926,-0.135960305981251
"parsimonious_cox",856,-0.137599049622946,-0.0092751188896317,-0.128323930733315
"parsimonious_cox",857,-0.24240021950284,-0.0231911946308906,-0.219209024871949
"parsimonious_cox",858,-0.20312798389606,-0.0431834708800384,-0.159944513016022
"parsimonious_cox",859,0.0778568066074197,0.0556905835677316,0.0221662230396881
"parsimonious_cox",860,-0.12410727942327,0.000685620895906078,-0.124792900319176
"parsimonious_cox",861,-0.247631664013586,-0.0348891787292645,-0.212742485284322
"parsimonious_cox",862,-0.223990059971153,0.0227394629545821,-0.246729522925735
"parsimonious_cox",863,-0.0838801727697014,0.000538102705656004,-0.0844182754753574
"parsimonious_cox",864,-0.346235326636596,-0.120953145991179,-0.225282180645418
"parsimonious_cox",865,-0.174679239134649,-0.0681357486064321,-0.106543490528217
"parsimonious_cox",866,-0.4590637359906,-0.103852389515573,-0.355211346475027
"parsimonious_cox",867,-0.122512863793149,-0.0141675418161636,-0.108345321976985
"parsimonious_cox",868,-0.216829033811734,-0.00130433136074347,-0.215524702450991
"parsimonious_cox",869,-0.225098078609527,-0.089705961106062,-0.135392117503465
"parsimonious_cox",870,-0.376125416098001,-0.0326563589096292,-0.343469057188372
"parsimonious_cox",871,-0.222810669247408,-0.0608166758149846,-0.161993993432423
"parsimonious_cox",872,-0.264611776034748,0.0453126086244114,-0.30992438465916
"parsimonious_cox",873,-0.227632360755812,0.0183950488778316,-0.246027409633643
"parsimonious_cox",874,-0.240087944033576,-0.00979347327765452,-0.230294470755922
"parsimonious_cox",875,-0.317082260464749,0.0287381630675905,-0.345820423532339
"parsimonious_cox",876,-0.291191760933247,-0.0847973182462826,-0.206394442686965
"parsimonious_cox",877,-0.25100885533556,-0.0271211886168699,-0.22388766671869
"parsimonious_cox",878,-0.23844191060792,0.018974486665227,-0.257416397273147
"parsimonious_cox",879,-0.347093957485246,-0.062502572735521,-0.284591384749725
"parsimonious_cox",880,-0.110471941170528,0.00348094053359413,-0.113952881704123
"parsimonious_cox",881,-0.132460764371616,-0.0208172198668685,-0.111643544504748
"parsimonious_cox",882,-0.240107399530626,-0.0499786234437783,-0.190128776086848
"parsimonious_cox",883,-0.330446214749135,-0.0400962803988328,-0.290349934350302
"parsimonious_cox",884,-0.276139906028284,-0.0227066271062472,-0.253433278922036
"parsimonious_cox",885,-0.240956143272446,-0.0352772115495667,-0.205678931722879
"parsimonious_cox",886,-0.111019347706951,0.0242557272905609,-0.135275074997511
"parsimonious_cox",887,-0.402209062609459,-0.0312542578454781,-0.370954804763981
"parsimonious_cox",888,-0.129215812490242,0.00308742330258444,-0.132303235792826
"parsimonious_cox",889,-0.351686903864428,-0.0437902442855605,-0.307896659578867
"parsimonious_cox",890,-0.174974055851429,-0.0791021155842397,-0.0958719402671891
"parsimonious_cox",891,-0.0468556983806237,0.0589347405860375,-0.105790438966661
"parsimonious_cox",892,-0.33540449485848,-0.0708099320363703,-0.264594562822109
"parsimonious_cox",893,-0.319103131022456,-0.0342973852159428,-0.284805745806513
"parsimonious_cox",894,-0.144433478159532,-0.0111492177912744,-0.133284260368258
"parsimonious_cox",895,-0.292618927591588,-0.00220954652073384,-0.290409381070855
"parsimonious_cox",896,-0.48327317092985,0.0320203187534911,-0.515293489683341
"parsimonious_cox",897,-0.126732153855279,0.0023693565875262,-0.129101510442805
"parsimonious_cox",898,-0.290608212650161,-0.0229359026779274,-0.267672309972234
"parsimonious_cox",899,-0.15306772056698,0.0279986547026304,-0.18106637526961
"parsimonious_cox",900,-0.267131374289699,-0.000686825224047447,-0.266444549065652
"parsimonious_cox",901,-0.147920997834581,-0.0484246943115718,-0.0994963035230096
"parsimonious_cox",902,-0.188879427796625,0.0142161814537202,-0.203095609250345
"parsimonious_cox",903,-0.0909400758725013,0.00208768768586449,-0.0930277635583658
"parsimonious_cox",904,-0.296997523584296,-0.0135251347723565,-0.283472388811939
"parsimonious_cox",905,-0.596419911129461,-0.0150901947110068,-0.581329716418454
"parsimonious_cox",906,-0.0479688661016456,0.0993845627570565,-0.147353428858702
"parsimonious_cox",907,-0.299337858589008,-0.0216296234337387,-0.277708235155269
"parsimonious_cox",908,-0.826549535143647,-0.0634455654976715,-0.763103969645976
"parsimonious_cox",909,-0.18987334307023,0.0151167379163401,-0.20499008098657
"parsimonious_cox",910,-0.212537308089938,-0.0224839270971321,-0.190053380992806
"parsimonious_cox",911,-0.261157587224474,0.00796289106093961,-0.269120478285414
"parsimonious_cox",912,-0.109659214295732,-0.0163146963706668,-0.0933445179250657
"parsimonious_cox",913,-0.0599374126466567,0.0217857546611426,-0.0817231673077992
"parsimonious_cox",914,-0.0865366327800741,0.0468118248475396,-0.133348457627614
"parsimonious_cox",915,-0.322817913086135,-0.0732209243892705,-0.249596988696865
"parsimonious_cox",916,0.00970423948559269,0.0781999466872744,-0.0684957072016817
"parsimonious_cox",917,-0.0502500645563685,-0.0320927828784636,-0.0181572816779049
"parsimonious_cox",918,-0.228716587005504,-0.00954942093066307,-0.219167166074841
"parsimonious_cox",919,-0.43551174448549,-0.0689947960582288,-0.366516948427261
"parsimonious_cox",920,-0.0180873629750342,0.00352892575678781,-0.021616288731822
"parsimonious_cox",921,-0.282786142455601,-0.0399640723762333,-0.242822070079368
"parsimonious_cox",922,-0.242049068597426,0.01512139485898,-0.257170463456406
"parsimonious_cox",923,-0.341451751329549,-0.0361790431349353,-0.305272708194613
"parsimonious_cox",924,-0.178550462266829,0.0329619993776086,-0.211512461644437
"parsimonious_cox",925,-0.148042450654626,0.0273242608445622,-0.175366711499188
"parsimonious_cox",926,-0.0904216357952699,0.0537069959237473,-0.144128631719017
"parsimonious_cox",927,-0.15242949724252,-0.00686570664588668,-0.145563790596634
"parsimonious_cox",928,-0.319902981938128,-0.0383943334911925,-0.281508648446936
"parsimonious_cox",929,-0.225639700765515,0.104435884193492,-0.330075584959008
"parsimonious_cox",930,-0.17462695370353,-0.00794880374099626,-0.166678149962533
"parsimonious_cox",931,-0.180769767420745,-0.0674264633838978,-0.113343304036847
"parsimonious_cox",932,-0.18378512169307,-0.0283353756478035,-0.155449746045267
"parsimonious_cox",933,-0.142368582197375,0.000766060113704075,-0.143134642311079
"parsimonious_cox",934,-0.195855651310669,-0.0188999943582428,-0.176955656952427
"parsimonious_cox",935,-0.175099705700662,-0.0151756052771692,-0.159924100423493
"parsimonious_cox",936,-0.241870354871824,0.0256627104047166,-0.267533065276541
"parsimonious_cox",937,-0.310140755922015,-0.0635496378637438,-0.246591118058272
"parsimonious_cox",938,-0.132929811104924,0.037881607374394,-0.170811418479318
"parsimonious_cox",939,-0.0752381611527893,-0.00964548011633904,-0.0655926810364502
"parsimonious_cox",940,-0.232691533179207,-0.0407183672746604,-0.191973165904547
"parsimonious_cox",941,-0.206725883386959,-0.0359517118801351,-0.170774171506824
"parsimonious_cox",942,-0.218123032055781,-0.0610134143018942,-0.157109617753887
"parsimonious_cox",943,-0.105808716986853,0.00513385557542554,-0.110942572562278
"parsimonious_cox",944,-0.00412038026416254,0.0123920981846017,-0.0165124784487642
"parsimonious_cox",945,-0.0857976868854179,0.033901729921615,-0.119699416807033
"parsimonious_cox",946,-0.119196137803555,-0.000172250745485746,-0.11902388705807
"parsimonious_cox",947,-0.327111173320865,0.00455747557493258,-0.331668648895798
"parsimonious_cox",948,-0.113157820149156,-0.0489980461857201,-0.0641597739634362
"parsimonious_cox",949,-0.147647010870615,-0.0269993869183933,-0.120647623952221
"parsimonious_cox",950,-0.370121534067208,-0.0497859436251998,-0.320335590442009
"parsimonious_cox",951,-0.134949707395901,0.0182092020997563,-0.153158909495658
"parsimonious_cox",952,-0.503002687631636,-0.00941622605883635,-0.4935864615728
"parsimonious_cox",953,-0.0740011529357869,0.0253081301082066,-0.0993092830439935
"parsimonious_cox",954,-0.192778864172679,-0.00524169582952558,-0.187537168343154
"parsimonious_cox",955,-0.258894712483619,-0.00307339326784996,-0.255821319215769
"parsimonious_cox",956,-0.27452731170401,-0.0188766857635986,-0.255650625940412
"parsimonious_cox",957,-0.0642094478576772,0.0661526913526728,-0.13036213921035
"parsimonious_cox",958,-0.0824648619299644,0.0873930181125944,-0.169857880042559
"parsimonious_cox",959,-0.128264943502655,0.0410946246201641,-0.169359568122819
"parsimonious_cox",960,-0.208241863994999,-0.00343213662865077,-0.204809727366349
"parsimonious_cox",961,-0.0972751641638422,-0.0246075991341939,-0.0726675650296482
"parsimonious_cox",962,-0.102813170431807,-0.0308783843210155,-0.0719347861107911
"parsimonious_cox",963,-0.390454204007396,0.0180197316516848,-0.408473935659081
"parsimonious_cox",964,-0.173780636996857,-0.00641706962652133,-0.167363567370336
"parsimonious_cox",965,-0.525472758650712,0.0451597258089283,-0.57063248445964
"parsimonious_cox",966,-0.155443349509782,-0.084832613293136,-0.0706107362166463
"parsimonious_cox",967,-0.198625866436573,-0.012276556677933,-0.18634930975864
"parsimonious_cox",968,-0.287206594763787,0.00854026286947611,-0.295746857633263
"parsimonious_cox",969,-0.294673203753947,-0.0993573267467141,-0.195315877007233
"parsimonious_cox",970,-0.198178640432046,-0.0262993137430504,-0.171879326688996
"parsimonious_cox",971,-0.184944418611698,-0.005757752178803,-0.179186666432895
"parsimonious_cox",972,-0.154105368637213,-0.0155739052857788,-0.138531463351435
"parsimonious_cox",973,-0.118221954747893,-0.0358183440220465,-0.0824036107258463
"parsimonious_cox",974,-0.306846807254397,-0.0170183247148628,-0.289828482539534
"parsimonious_cox",975,-0.162133371310077,0.0123878887494609,-0.174521260059538
"parsimonious_cox",976,-0.275385240888107,-0.0285865425774976,-0.246798698310609
"parsimonious_cox",977,-0.325661180501904,-0.0442522324713227,-0.281408948030582
"parsimonious_cox",978,-0.0954881325992421,0.0483617957899173,-0.143849928389159
"parsimonious_cox",979,-0.122505080254062,0.00604473731818404,-0.128549817572246
"parsimonious_cox",980,-0.591124230054258,-0.115448114226617,-0.475676115827642
"parsimonious_cox",981,-0.216494026262598,-0.0134026813700125,-0.203091344892586
"parsimonious_cox",982,-0.279794975963247,-0.0226891014979272,-0.25710587446532
"parsimonious_cox",983,-0.465632251638188,-0.0188365384707946,-0.446795713167393
"parsimonious_cox",984,-0.139111581301979,-0.011776536352684,-0.127335044949295
"parsimonious_cox",985,-0.240577520212097,0.0296356979491188,-0.270213218161216
"parsimonious_cox",986,-0.201585632081066,0.00536420660087139,-0.206949838681937
"parsimonious_cox",987,-0.294603016349685,-0.0571771902036447,-0.23742582614604
"parsimonious_cox",988,-0.136224496691638,0.0191904344219406,-0.155414931113578
"parsimonious_cox",989,-0.163017282450641,-0.0317614763517406,-0.131255806098901
"parsimonious_cox",990,-0.227085757833297,-0.0234673656177277,-0.203618392215569
"parsimonious_cox",991,-0.235650082458303,-0.0205585806732507,-0.215091501785052
"parsimonious_cox",992,-0.267262546034468,-0.003101246629663,-0.264161299404805
"parsimonious_cox",993,-0.350669042776341,-0.0663879883306635,-0.284281054445677
"parsimonious_cox",994,-0.396164739469859,-0.0678278077785519,-0.328336931691307
"parsimonious_cox",995,-0.114831049960188,-0.01430712287047,-0.100523927089718
"parsimonious_cox",996,-0.460929533780063,0.000815826661074996,-0.461745360441138
"parsimonious_cox",997,-0.424354781361391,-0.0880638993710298,-0.336290881990361
"parsimonious_cox",998,-0.293548554850581,-0.0354898809475306,-0.25805867390305
"parsimonious_cox",999,-0.243728218131784,-0.0252508258336719,-0.218477392298112
"parsimonious_cox",1000,-0.0720659368459628,-0.0254041126312226,-0.0466618242147402
"parsimonious_cox",1001,-0.163298087348281,-0.0523571826536891,-0.110940904694592
"parsimonious_cox",1002,-0.362249103100755,-0.0656742062781362,-0.296574896822619
"parsimonious_cox",1003,-0.134816899222805,-0.00449949622777188,-0.130317402995033
"parsimonious_cox",1004,-0.235869328254503,-0.0417447688100403,-0.194124559444463
"parsimonious_cox",1005,-0.0430131852657757,-0.00663042403749515,-0.0363827612282806
"parsimonious_cox",1006,-0.132880510056228,-0.0201085911529182,-0.112771918903309
"parsimonious_cox",1007,-0.0886541231737098,-0.00898063049582737,-0.0796734926778824
"parsimonious_cox",1008,-0.154702687782255,0.116902844165376,-0.271605531947631
"parsimonious_cox",1009,-0.190095515392333,0.0276455628544733,-0.217741078246807
"parsimonious_cox",1010,-0.212595275712204,-0.046363676584132,-0.166231599128072
"parsimonious_cox",1011,-0.122646118049606,-0.0019573657734229,-0.120688752276183
"parsimonious_cox",1012,-0.204616587476332,-0.0281382610539148,-0.176478326422417
"parsimonious_cox",1013,-0.101258730965073,0.00401708008465986,-0.105275811049733
"parsimonious_cox",1014,-0.183918788826523,-0.00580822737561336,-0.178110561450909
"parsimonious_cox",1015,-0.12029738469177,-0.00197002414731206,-0.118327360544458
"parsimonious_cox",1016,-0.237822653328435,-0.0198769227007859,-0.21794573062765
"parsimonious_cox",1017,-0.0724199764322649,0.00904087677066709,-0.081460853202932
"parsimonious_cox",1018,-0.152237291308333,0.0142484122858267,-0.16648570359416
"parsimonious_cox",1019,-0.0976051851266991,0.00990108131823589,-0.107506266444935
"parsimonious_cox",1020,-0.147568155768736,-0.0296514309994755,-0.11791672476926
"parsimonious_cox",1021,-0.385924475414897,-0.0158631466181241,-0.370061328796773
"parsimonious_cox",1022,-0.381091412804324,0.0189432998480828,-0.400034712652406
"parsimonious_cox",1023,-0.255518602210383,-0.0640212655005417,-0.191497336709841
"parsimonious_cox",1024,-0.190348222408235,-0.0370684193135743,-0.153279803094661
"parsimonious_cox",1025,-0.0558141947865386,0.0100328573079367,-0.0658470520944753
"parsimonious_cox",1026,-0.132719336276019,0.0029626103352472,-0.135681946611266
"parsimonious_cox",1027,-0.324500994985513,-0.0973215770094458,-0.227179417976067
"parsimonious_cox",1028,-0.25690037753476,-0.0185752160634277,-0.238325161471333
"parsimonious_cox",1029,-0.0516220874745561,-0.0111750355671094,-0.0404470519074467
"parsimonious_cox",1030,-0.241690669096735,-0.0386006099535545,-0.20309005914318
"parsimonious_cox",1031,-0.218588097783118,-0.00928859900493094,-0.209299498778187
"parsimonious_cox",1032,-0.285695432765591,-0.0500936199055391,-0.235601812860052
"parsimonious_cox",1033,-0.0544946192310324,0.0271081173783615,-0.0816027366093939
"parsimonious_cox",1034,-0.187539113584462,0.0789001422816235,-0.266439255866085
"parsimonious_cox",1035,-0.299446431307122,0.0310555196152846,-0.330501950922406
"parsimonious_cox",1036,-0.0471599018532158,-0.00490998440333227,-0.0422499174498836
"parsimonious_cox",1037,-0.382965909415487,-0.0211042711462536,-0.361861638269234
"parsimonious_cox",1038,-0.140153950580566,-0.0678850220447586,-0.0722689285358076
"parsimonious_cox",1039,-0.157796717202877,-0.0264794050814723,-0.131317312121405
"parsimonious_cox",1040,-0.221502694767717,-0.00015082153597964,-0.221351873231737
"parsimonious_cox",1041,-0.0740982271133563,-0.00593730047994193,-0.0681609266334144
"parsimonious_cox",1042,-0.276337330988017,-0.0741148110859235,-0.202222519902093
"parsimonious_cox",1043,-0.185118822317063,-0.000934746846188314,-0.184184075470875
"parsimonious_cox",1044,-0.109098910081309,-0.0317221606376929,-0.077376749443616
"parsimonious_cox",1045,-0.419093577821316,-0.0895182689490445,-0.329575308872272
"parsimonious_cox",1046,-0.187355266176192,-0.0618750293248966,-0.125480236851295
"parsimonious_cox",1047,-0.0580927226580502,0.0379830771447558,-0.096075799802806
"parsimonious_cox",1048,-0.272687905147784,0.022886001052658,-0.295573906200442
"parsimonious_cox",1049,-0.298138416526353,-0.0805955730644196,-0.217542843461933
"parsimonious_cox",1050,-0.0762919956962702,-0.0120651718642231,-0.064226823832047
"parsimonious_cox",1051,-0.28024502367765,-0.0368623395567515,-0.243382684120898
"parsimonious_cox",1052,-0.233288876631679,0.039125729897107,-0.272414606528786
"parsimonious_cox",1053,-0.157762535584666,0.00858068724168679,-0.166343222826352
"parsimonious_cox",1054,-0.394372396987412,0.000500578588163124,-0.394872975575575
"parsimonious_cox",1055,-0.301580108761425,-0.101468395454511,-0.200111713306914
"parsimonious_cox",1056,-0.219277876509677,0.0672165304263733,-0.28649440693605
"parsimonious_cox",1057,-0.453221616202744,-0.0259449255283894,-0.427276690674354
"parsimonious_cox",1058,-0.216345340871614,-0.0412543461927731,-0.17509099467884
"parsimonious_cox",1059,-0.138467942135005,0.00154897828306927,-0.140016920418074
"parsimonious_cox",1060,-0.244456123158896,0.0553448755357971,-0.299800998694693
"parsimonious_cox",1061,-0.392664443121008,-0.0110184350614817,-0.381646008059526
"parsimonious_cox",1062,-0.121160167145618,-0.017483321557362,-0.103676845588256
"parsimonious_cox",1063,-0.224998082925638,0.0555377246508945,-0.280535807576533
"parsimonious_cox",1064,-0.199338538264051,0.0420625562479146,-0.241401094511966
"parsimonious_cox",1065,-0.222098089065407,-0.116732500619722,-0.105365588445686
"parsimonious_cox",1066,-0.471035112057254,0.0235962294657519,-0.494631341523006
"parsimonious_cox",1067,-0.249419333406138,0.0178305657722832,-0.267249899178421
"parsimonious_cox",1068,-0.226927573377636,-0.000426271993162583,-0.226501301384473
"parsimonious_cox",1069,-0.120127758925992,-0.00992375718070796,-0.110204001745284
"parsimonious_cox",1070,-0.151202475930396,-0.00687783510693346,-0.144324640823463
"parsimonious_cox",1071,-0.266766572054791,-0.0554241533003906,-0.2113424187544
"parsimonious_cox",1072,-0.203987647556644,0.0354671660424163,-0.23945481359906
"parsimonious_cox",1073,-0.357769462131572,0.041556920569649,-0.399326382701221
"parsimonious_cox",1074,-0.293907092475484,-0.0726171407449403,-0.221289951730544
"parsimonious_cox",1075,-0.258114530412564,-0.0326149629953682,-0.225499567417196
"parsimonious_cox",1076,-0.159187823729301,-0.0102506841563645,-0.148937139572936
"parsimonious_cox",1077,-0.0502456014941078,-0.0312571088067784,-0.0189884926873294
"parsimonious_cox",1078,-0.239412736040251,-0.00153538749709739,-0.237877348543154
"parsimonious_cox",1079,-0.25872219842805,0.00518082068691344,-0.263903019114963
"parsimonious_cox",1080,-0.175746684863989,0.0260151470806861,-0.201761831944675
"parsimonious_cox",1081,-0.225765211054513,-0.0659157507540643,-0.159849460300448
"parsimonious_cox",1082,-0.461702965242931,-0.0860083485368572,-0.375694616706073
"parsimonious_cox",1083,-0.133899603814743,-0.0284658289248898,-0.105433774889853
"parsimonious_cox",1084,-0.285862870455535,-0.0151716245942858,-0.270691245861249
"parsimonious_cox",1085,-0.173124476246429,-0.0059959764858343,-0.167128499760595
"parsimonious_cox",1086,-0.0784542449467778,0.0168582464984298,-0.0953124914452077
"parsimonious_cox",1087,-0.20489367493758,-0.0100225792472469,-0.194871095690333
"parsimonious_cox",1088,-0.274159494186149,-0.0512552389462403,-0.222904255239909
"parsimonious_cox",1089,-0.244921217753405,-0.0269518627428371,-0.217969355010568
"parsimonious_cox",1090,-0.265582924125169,0.0110325664151401,-0.27661549054031
"parsimonious_cox",1091,-0.0884627029884533,0.0199065416169298,-0.108369244605383
"parsimonious_cox",1092,-0.287118596148741,-0.0249111415840048,-0.262207454564736
"parsimonious_cox",1093,-0.294996674094721,-0.0587253084124416,-0.23627136568228
"parsimonious_cox",1094,-0.351179599321791,-0.0149903542781809,-0.33618924504361
"parsimonious_cox",1095,-0.450942341613106,-0.0106538823313223,-0.440288459281784
"parsimonious_cox",1096,-0.182974409520263,-0.0472409500589513,-0.135733459461312
"parsimonious_cox",1097,-0.332464712364553,-0.0290147930311466,-0.303449919333406
"parsimonious_cox",1098,-0.378117028984525,-0.0554665734658448,-0.32265045551868
"parsimonious_cox",1099,-0.257432007629715,-0.00503676443849528,-0.25239524319122
"parsimonious_cox",1100,-0.115086467921039,0.000542005425951421,-0.115628473346991
"parsimonious_cox",1101,-0.284175247752661,-0.105984316558248,-0.178190931194413
"parsimonious_cox",1102,-0.414734844316261,-0.0873528813488064,-0.327381962967455
"parsimonious_cox",1103,-0.197086566495089,-0.0469070133435395,-0.15017955315155
"parsimonious_cox",1104,-0.176794874974896,-0.0243604936112018,-0.152434381363694
"parsimonious_cox",1105,-0.0644367646219697,0.0362813282528138,-0.100718092874783
"parsimonious_cox",1106,-0.164446670353881,-0.0164881527254029,-0.147958517628478
"parsimonious_cox",1107,-0.14744675768075,-0.00261005514930166,-0.144836702531449
"parsimonious_cox",1108,-0.0605583842114904,-0.0333875131139473,-0.0271708710975431
"parsimonious_cox",1109,-0.0909168634823448,0.0204998000336513,-0.111416663515996
"parsimonious_cox",1110,-0.105717018842629,0.022894377957449,-0.128611396800078
"parsimonious_cox",1111,-0.112937880106882,0.00444259570955042,-0.117380475816433
"parsimonious_cox",1112,-0.226213140459898,0.0144613517505768,-0.240674492210475
"parsimonious_cox",1113,-0.260361487859545,-0.0695083088304243,-0.190853179029121
"parsimonious_cox",1114,-0.315162036230057,-0.0355453575275288,-0.279616678702528
"parsimonious_cox",1115,-0.18992811561765,-0.0473674209632743,-0.142560694654376
"parsimonious_cox",1116,-0.222338998680525,-0.0305313778248099,-0.191807620855716
"parsimonious_cox",1117,-0.360500400568454,-0.0610449898214546,-0.299455410746999
"parsimonious_cox",1118,-0.176564813233746,-0.0730493523028269,-0.103515460930919
"parsimonious_cox",1119,-0.216472236953641,-0.0650044201794727,-0.151467816774169
"parsimonious_cox",1120,-0.235661856847739,-0.110965903907037,-0.124695952940702
"parsimonious_cox",1121,-0.166880956215322,0.0240566955015347,-0.190937651716856
"parsimonious_cox",1122,-0.465203435945487,-0.060342958670533,-0.404860477274954
"parsimonious_cox",1123,-0.235479887795947,-0.0200327245684996,-0.215447163227448
"parsimonious_cox",1124,-0.165091962603264,0.0526452716122404,-0.217737234215504
"parsimonious_cox",1125,-0.183964193580016,-0.00842839116793839,-0.175535802412078
"parsimonious_cox",1126,-0.176123022553648,-0.0673188328135965,-0.108804189740051
"parsimonious_cox",1127,-0.304584080258986,-0.0197336104702403,-0.284850469788746
"parsimonious_cox",1128,-0.244351488571035,0.0086820188375065,-0.253033507408542
"parsimonious_cox",1129,-0.272786264374204,-0.0575748703231595,-0.215211394051044
"parsimonious_cox",1130,-0.250285958651174,0.0500731164638003,-0.300359075114974
"parsimonious_cox",1131,-0.405458652204045,-0.145146982213728,-0.260311669990318
"parsimonious_cox",1132,-0.308859886822237,0.00369246684711147,-0.312552353669348
"parsimonious_cox",1133,-0.127802845891264,0.0161429231623665,-0.143945769053631
"parsimonious_cox",1134,-0.16076615243467,0.00192699854774465,-0.162693150982414
"parsimonious_cox",1135,-0.318423488168966,-0.0279212994897833,-0.290502188679183
"parsimonious_cox",1136,-0.194046054911266,-0.0173748721447058,-0.17667118276656
"parsimonious_cox",1137,-0.351291753033445,-0.0220309379207537,-0.329260815112691
"parsimonious_cox",1138,-0.204496913488784,0.0205603234651875,-0.225057236953972
"parsimonious_cox",1139,-0.377361533838668,0.0338884553731118,-0.41124998921178
"parsimonious_cox",1140,-0.350174187430173,0.0560714221594355,-0.406245609589609
"parsimonious_cox",1141,-0.198316007515755,-0.00967810677970947,-0.188637900736045
"parsimonious_cox",1142,-0.291113717388508,-0.00433269796635467,-0.286781019422154
"parsimonious_cox",1143,-0.329928619993015,0.0298982689701612,-0.359826888963176
"parsimonious_cox",1144,-0.177930297241969,-0.0240783855730323,-0.153851911668936
"parsimonious_cox",1145,-0.176941235629091,-0.0271049137402694,-0.149836321888822
"parsimonious_cox",1146,-0.11902873229074,0.0033031332965031,-0.122331865587243
"parsimonious_cox",1147,-0.167865604861266,0.0315802443268326,-0.199445849188098
"parsimonious_cox",1148,-0.130926037532743,0.00203278121632288,-0.132958818749066
"parsimonious_cox",1149,-0.305511269971547,-0.0967538104471268,-0.20875745952442
"parsimonious_cox",1150,-0.200550599119579,0.0487313543324417,-0.249281953452021
"parsimonious_cox",1151,-0.17961182896093,-0.101524252584365,-0.0780875763765649
"parsimonious_cox",1152,-0.10797823363412,0.024551787833888,-0.132530021468008
"parsimonious_cox",1153,-0.0799908978723136,0.000963826247006995,-0.0809547241193206
"parsimonious_cox",1154,-0.0193906067955439,-0.00976209657983134,-0.00962851021571253
"parsimonious_cox",1155,-0.105272721267688,-0.0214213783199559,-0.083851342947732
"parsimonious_cox",1156,-0.158220805169123,0.0208088340162952,-0.179029639185419
"parsimonious_cox",1157,-0.300611630633155,-0.011093518377105,-0.28951811225605
"parsimonious_cox",1158,-0.0658002819403607,0.0467037109245672,-0.112503992864928
"parsimonious_cox",1159,-0.12647380646984,-0.0121438165451654,-0.114329989924675
"parsimonious_cox",1160,-0.348287223465634,-0.0487542065722999,-0.299533016893334
"parsimonious_cox",1161,-0.310926796356687,0.00997288870947154,-0.320899685066158
"parsimonious_cox",1162,-0.53185986300303,-0.0929272058446494,-0.43893265715838
"parsimonious_cox",1163,-0.120536150912822,-0.0230139085555482,-0.097522242357274
"parsimonious_cox",1164,-0.249129029277825,-0.00819485031971335,-0.240934178958112
"parsimonious_cox",1165,-0.444253285768131,-0.0645730607792582,-0.379680224988873
"parsimonious_cox",1166,-0.119814772416179,0.0155755086091671,-0.135390281025346
"parsimonious_cox",1167,-0.281438021308645,-0.0987908044291512,-0.182647216879494
"parsimonious_cox",1168,-0.126139217672078,-0.0156325482631446,-0.110506669408933
"parsimonious_cox",1169,-0.0201988584567653,-0.00760673088962832,-0.012592127567137
"parsimonious_cox",1170,-0.194034676777411,-0.0168656606740661,-0.177169016103345
"parsimonious_cox",1171,-0.146911549274085,-0.0792227960798745,-0.0676887531942106
"parsimonious_cox",1172,-0.133264077081069,-0.0112090898873903,-0.122054987193678
"parsimonious_cox",1173,-0.0403258141038378,0.0100637332203407,-0.0503895473241785
"parsimonious_cox",1174,-0.503852698066779,-0.0383066326982151,-0.465546065368564
"parsimonious_cox",1175,-0.0307522259700914,0.0481134539581048,-0.0788656799281962
"parsimonious_cox",1176,-0.176833470395906,0.0164644001192656,-0.193297870515172
"parsimonious_cox",1177,-0.201112803646009,-0.016356574368499,-0.18475622927751
"parsimonious_cox",1178,-0.196806189694401,-0.00849457606382326,-0.188311613630578
"parsimonious_cox",1179,-0.539699360525008,-0.119505949863283,-0.420193410661725
"parsimonious_cox",1180,-0.237776796362783,0.0326860115714472,-0.27046280793423
"parsimonious_cox",1181,-0.639885989353911,-0.0936104315999599,-0.546275557753951
"parsimonious_cox",1182,-0.228990312923638,-0.0512683166123319,-0.177721996311306
"parsimonious_cox",1183,-0.0869102154852925,0.00322761131032416,-0.0901378267956167
"parsimonious_cox",1184,-0.102901672543206,-0.100214204302794,-0.0026874682404124
"parsimonious_cox",1185,-0.249867797044293,-0.00825681842277589,-0.241610978621517
"parsimonious_cox",1186,-0.313735370209603,-0.0201234782351375,-0.293611891974465
"parsimonious_cox",1187,-0.260247099995415,0.0398851958739088,-0.300132295869324
"parsimonious_cox",1188,-0.288701358181364,0.0205591241850942,-0.309260482366458
"parsimonious_cox",1189,-0.241379183081138,-0.102469689374939,-0.138909493706199
"parsimonious_cox",1190,-0.241640623431571,0.0175875867638787,-0.259228210195449
"parsimonious_cox",1191,-0.0538515046981649,-0.0507693053116542,-0.00308219938651075
"parsimonious_cox",1192,-0.0874628782091451,-0.024650402177327,-0.0628124760318181
"parsimonious_cox",1193,-0.160118435921585,-0.0201413663662094,-0.139977069555376
"parsimonious_cox",1194,-0.0670012871993007,-0.00432149640630936,-0.0626797907929913
"parsimonious_cox",1195,-0.246459783183594,-0.0345919445125641,-0.21186783867103
"parsimonious_cox",1196,-0.438908638856141,-0.0245434988215976,-0.414365140034544
"parsimonious_cox",1197,-0.219218577263644,0.0501889202053662,-0.269407497469011
"parsimonious_cox",1198,-0.139361580383205,-0.0395795437780738,-0.0997820366051311
"parsimonious_cox",1199,-0.0636552080918928,-0.00451913220217187,-0.059136075889721
"parsimonious_cox",1200,-0.0488175650586077,0.0157596898868727,-0.0645772549454804
"parsimonious_cox",1201,-0.676933240317063,-0.0113165378393464,-0.665616702477717
"parsimonious_cox",1202,-0.318199740172557,-0.0537851556616595,-0.264414584510897
"parsimonious_cox",1203,-0.18418582265473,-0.0412403002095917,-0.142945522445138
"parsimonious_cox",1204,-0.25828318453409,0.0160225699390752,-0.274305754473165
"parsimonious_cox",1205,-0.309636662818012,-0.121631160789956,-0.188005502028057
"parsimonious_cox",1206,-0.343584580242886,0.000309666477989792,-0.343894246720876
"parsimonious_cox",1207,-0.0815002004061229,-0.112154527219836,0.0306543268137126
"parsimonious_cox",1208,-0.233993515888551,0.00964676845960578,-0.243640284348157
"parsimonious_cox",1209,-0.320351268168492,-0.041291287560161,-0.279059980608331
"parsimonious_cox",1210,-0.363628155831586,-0.00323535764042539,-0.36039279819116
"parsimonious_cox",1211,-0.170041256249345,-0.030045425803558,-0.139995830445787
"parsimonious_cox",1212,-0.161517592695165,0.0200470769323421,-0.181564669627507
"parsimonious_cox",1213,-0.311166254342222,0.0116997004764733,-0.322865954818696
"parsimonious_cox",1214,-0.289705677717757,-0.029998012223193,-0.259707665494564
"parsimonious_cox",1215,-0.338586191803435,-0.0771099411342558,-0.261476250669179
"parsimonious_cox",1216,-0.161993697081131,-0.00646201400138077,-0.15553168307975
"parsimonious_cox",1217,-0.10638849013525,-0.00722340606980103,-0.0991650840654491
"parsimonious_cox",1218,-0.241683100471039,-0.0350758694217034,-0.206607231049335
"parsimonious_cox",1219,-0.764231785632576,-0.0625895557601888,-0.701642229872387
"parsimonious_cox",1220,-0.212047590525632,0.0244543593645593,-0.236501949890192
"parsimonious_cox",1221,-0.0440108203950204,0.00627388463181036,-0.0502847050268307
"parsimonious_cox",1222,-0.152161236552111,0.0163595721580542,-0.168520808710165
"parsimonious_cox",1223,-0.217025692419299,-0.0215659204113182,-0.195459772007981
"parsimonious_cox",1224,-0.150104029163623,0.0200182801675438,-0.170122309331166
"parsimonious_cox",1225,-0.164750624126257,-0.0257012124376032,-0.139049411688653
"parsimonious_cox",1226,-0.208252237219673,-0.000463642365327396,-0.207788594854345
"parsimonious_cox",1227,-0.509685734637481,-0.0651740987236054,-0.444511635913875
"parsimonious_cox",1228,-0.351743261334934,-0.0117524905199433,-0.33999077081499
"parsimonious_cox",1229,-0.30068916348764,-0.0622257240757344,-0.238463439411905
"parsimonious_cox",1230,-0.162278780615223,0.0245655299886624,-0.186844310603886
"parsimonious_cox",1231,-0.146205792369407,-0.0481070322075632,-0.0980987601618436
"parsimonious_cox",1232,-0.0496858777171076,0.0351162616220389,-0.0848021393391464
"parsimonious_cox",1233,-0.33366411132909,-0.0538405467366412,-0.279823564592449
"parsimonious_cox",1234,-0.17630727012631,-0.134132391576704,-0.0421748785496064
"parsimonious_cox",1235,-0.197712484303756,0.00144722276683107,-0.199159707070587
"parsimonious_cox",1236,-0.0997206893841078,0.0175305134700341,-0.117251202854142
"parsimonious_cox",1237,-0.186028574384024,-0.0292842705790055,-0.156744303805019
"parsimonious_cox",1238,-0.191350856437535,-0.0472417830429658,-0.144109073394569
"parsimonious_cox",1239,-0.312893113904694,-0.000263559131543908,-0.31262955477315
"parsimonious_cox",1240,-0.0894949660356768,0.0428618968820938,-0.132356862917771
"parsimonious_cox",1241,-0.183901055877607,-0.0544433317067577,-0.12945772417085
"parsimonious_cox",1242,-0.15394558944163,-0.0030503708415862,-0.150895218600044
"parsimonious_cox",1243,-0.179039396173686,0.0422926724738963,-0.221332068647582
"parsimonious_cox",1244,-0.200298198494856,-0.00325577731936673,-0.197042421175489
"parsimonious_cox",1245,-0.254117044238204,-0.0546430617843433,-0.199473982453861
"parsimonious_cox",1246,-0.217450677936198,-0.0787324436505435,-0.138718234285655
"parsimonious_cox",1247,-0.351476165279465,-0.0488887778736816,-0.302587387405784
"parsimonious_cox",1248,-0.363816825554642,-0.014250700998064,-0.349566124556577
"parsimonious_cox",1249,-0.267690153017202,-0.022034220755966,-0.245655932261236
"parsimonious_cox",1250,-0.259929962422206,-0.0416481290601034,-0.218281833362103
"parsimonious_cox",1251,-0.338673746837518,-0.0884809132559499,-0.250192833581568
"parsimonious_cox",1252,-0.12876162743102,0.0809950363335896,-0.20975666376461
"parsimonious_cox",1253,-0.191081575686977,0.0186027594581368,-0.209684335145114
"parsimonious_cox",1254,-0.0348586413433705,-0.042793488472825,0.0079348471294544
"parsimonious_cox",1255,-0.175735642889371,0.00766449252415855,-0.18340013541353
"parsimonious_cox",1256,-0.242008595484311,0.0224917636540109,-0.264500359138322
"parsimonious_cox",1257,-0.154468304395471,0.0289178909813196,-0.183386195376791
"parsimonious_cox",1258,-0.0736417158565506,0.0672112928154356,-0.140853008671986
"parsimonious_cox",1259,-0.261584513891652,-0.0711828123753725,-0.19040170151628
"parsimonious_cox",1260,-0.328285215621777,0.00406307976615085,-0.332348295387927
"parsimonious_cox",1261,-0.206017241444295,-0.038220095670443,-0.167797145773852
"parsimonious_cox",1262,-0.341676519799048,-0.0292494645224662,-0.312427055276581
"parsimonious_cox",1263,-0.0822248567082482,0.0356841526470945,-0.117909009355343
"parsimonious_cox",1264,-0.129639773488179,0.0236096986139232,-0.153249472102102
"parsimonious_cox",1265,-0.175619198559837,-0.0528214988521362,-0.122797699707701
"parsimonious_cox",1266,-0.159286651413137,-0.0709598350066956,-0.0883268164064418
"parsimonious_cox",1267,-0.192191769804878,0.02502194555007,-0.217213715354948
"parsimonious_cox",1268,-0.241440550103302,-0.0464416169835563,-0.194998933119745
"parsimonious_cox",1269,-0.316281841658802,-0.0534694530540609,-0.262812388604741
"parsimonious_cox",1270,-0.161452844628842,0.0288245241658352,-0.190277368794677
"parsimonious_cox",1271,-0.18211133310038,-0.0156719291232584,-0.166439403977122
"parsimonious_cox",1272,-0.387833870859896,-0.072300168193825,-0.315533702666071
"parsimonious_cox",1273,-0.236331499430207,-0.00777622007208262,-0.228555279358124
"parsimonious_cox",1274,-0.359211025855702,-0.00610773392379219,-0.35310329193191
"parsimonious_cox",1275,-0.248407632852301,-0.0245924834569474,-0.223815149395354
"parsimonious_cox",1276,0.0384949322515112,0.0236861319264571,0.0148088003250541
"parsimonious_cox",1277,-0.250307664769523,-0.0180342870504435,-0.232273377719079
"parsimonious_cox",1278,-0.205896612371543,0.0319977597531212,-0.237894372124665
"parsimonious_cox",1279,-0.279388912913405,-0.00144313117545969,-0.277945781737946
"parsimonious_cox",1280,-0.136710617865784,-0.025208635188,-0.111501982677784
"parsimonious_cox",1281,-0.0875646691711046,-0.0250886583655809,-0.0624760108055237
"parsimonious_cox",1282,-0.0739190217406276,-0.0110679423658913,-0.0628510793747363
"parsimonious_cox",1283,-0.152534657908552,-0.0424811103163344,-0.110053547592218
"parsimonious_cox",1284,-0.0412939868843893,-0.0042897447958454,-0.0370042420885439
"parsimonious_cox",1285,-0.189051275371751,0.00970377094609769,-0.198755046317848
"parsimonious_cox",1286,-0.0844041953203788,0.0071472588445991,-0.0915514541649779
"parsimonious_cox",1287,-0.224202523982266,-0.0136755440523026,-0.210526979929963
"parsimonious_cox",1288,-0.421084054155544,-0.0528511289954558,-0.368232925160088
"parsimonious_cox",1289,-0.104952946250467,-0.0304460237439526,-0.0745069225065141
"parsimonious_cox",1290,-0.0588915886394795,-0.0408697043931983,-0.0180218842462813
"parsimonious_cox",1291,-0.376713138726476,-0.0706586398349382,-0.306054498891538
"parsimonious_cox",1292,-0.117689946582699,-0.0217688740977308,-0.0959210724849683
"parsimonious_cox",1293,-0.236062572764414,0.0688674218980942,-0.304929994662509
"parsimonious_cox",1294,-0.169300394942114,0.0218652675854118,-0.191165662527526
"parsimonious_cox",1295,-0.41635595391868,-0.0612261103051916,-0.355129843613489
"parsimonious_cox",1296,-0.408790480866714,0.00510978944761611,-0.41390027031433
"parsimonious_cox",1297,-0.204574976106553,0.0474384399273778,-0.25201341603393
"parsimonious_cox",1298,-0.22806820065348,0.00688749304234383,-0.234955693695824
"parsimonious_cox",1299,-0.291112734658549,-0.0241368668823195,-0.26697586777623
"parsimonious_cox",1300,-0.258853201880677,-0.0321827758052632,-0.226670426075414
"parsimonious_cox",1301,-0.0241078747649747,-0.0149328933502941,-0.00917498141468059
"parsimonious_cox",1302,-0.20903755763907,-0.0656273454872724,-0.143410212151797
"parsimonious_cox",1303,-0.171171920671013,-0.0298792637347502,-0.141292656936263
"parsimonious_cox",1304,-0.311005313398924,-0.0484829989298519,-0.262522314469072
"parsimonious_cox",1305,-0.230133258985965,-0.00156624254974045,-0.228567016436224
"parsimonious_cox",1306,-0.414336464994105,0.0294145718783563,-0.443751036872461
"parsimonious_cox",1307,-0.320308945618088,0.0662513063940256,-0.386560252012114
"parsimonious_cox",1308,-0.184392425593853,0.0188163689112281,-0.203208794505081
"parsimonious_cox",1309,-0.303285851067094,-0.0464122605752834,-0.25687359049181
"parsimonious_cox",1310,-0.189716552660712,-0.05356933086001,-0.136147221800702
"parsimonious_cox",1311,-0.301489248289678,-0.0152424954631856,-0.286246752826493
"parsimonious_cox",1312,-0.426669716721007,-0.0425866479923591,-0.384083068728648
"parsimonious_cox",1313,-0.150954455691252,-0.016141086761682,-0.13481336892957
"parsimonious_cox",1314,-0.218096282663973,-0.069596874144099,-0.148499408519874
"parsimonious_cox",1315,-0.345195988557141,-0.053346957800472,-0.291849030756669
"parsimonious_cox",1316,-0.427284035887189,-0.0672275764898246,-0.360056459397365
"parsimonious_cox",1317,-0.0983087812723904,-0.0165487319022574,-0.081760049370133
"parsimonious_cox",1318,-0.445069896764004,-0.0337109586154759,-0.411358938148528
"parsimonious_cox",1319,-0.0613333076124441,0.0597842751466428,-0.121117582759087
"parsimonious_cox",1320,-0.438508387053536,-0.0977475080791256,-0.34076087897441
"parsimonious_cox",1321,-0.10645908904181,0.031105691738444,-0.137564780780254
"parsimonious_cox",1322,-0.325782849150708,-0.00979887008124204,-0.315983979069466
"parsimonious_cox",1323,-0.229883275489268,0.0243984689580208,-0.254281744447288
"parsimonious_cox",1324,-0.518452832391185,-0.0547202659381133,-0.463732566453072
"parsimonious_cox",1325,-0.362513888389465,0.050889564957424,-0.413403453346889
"parsimonious_cox",1326,-0.33885416213615,-0.0381568459690737,-0.300697316167076
"parsimonious_cox",1327,-0.23491754529091,-0.00791334348167007,-0.22700420180924
"parsimonious_cox",1328,-0.28246071535536,-0.0170083780405165,-0.265452337314843
"parsimonious_cox",1329,-0.045239421356355,0.0626326844261254,-0.10787210578248
"parsimonious_cox",1330,-0.0739563766038974,0.0048220450060969,-0.0787784216099943
"parsimonious_cox",1331,-0.123400352373085,-0.000535282670187976,-0.122865069702897
"parsimonious_cox",1332,-0.202562781504185,-0.000187957294497284,-0.202374824209687
"parsimonious_cox",1333,-0.0676728614204182,0.00239630133421252,-0.0700691627546307
"parsimonious_cox",1334,-0.0726450379488547,-0.0215072945127402,-0.0511377434361145
"parsimonious_cox",1335,-0.199747245968633,-0.0223779218503043,-0.177369324118329
"parsimonious_cox",1336,-0.198796342765813,0.00213119643786441,-0.200927539203677
"parsimonious_cox",1337,-0.253626577164698,0.00311596471808762,-0.256742541882786
"parsimonious_cox",1338,-0.195473028937101,-0.0139853710381992,-0.181487657898902
"parsimonious_cox",1339,-0.26594960202486,-0.00481464627037133,-0.261134955754488
"parsimonious_cox",1340,-0.160369073120736,-0.0357625503665128,-0.124606522754223
"parsimonious_cox",1341,-0.0406448774854765,0.00468424062668158,-0.0453291181121581
"parsimonious_cox",1342,-0.171328352394367,-0.0205243992526605,-0.150803953141707
"parsimonious_cox",1343,-0.168631623767758,-0.0205854512570223,-0.148046172510735
"parsimonious_cox",1344,-0.194840380123986,-0.0447629863716565,-0.150077393752329
"parsimonious_cox",1345,-0.142546587534922,-0.00673668110113095,-0.135809906433791
"parsimonious_cox",1346,-0.21500270520781,0.0143207041573848,-0.229323409365195
"parsimonious_cox",1347,-0.255676342583167,-0.0290396628399002,-0.226636679743266
"parsimonious_cox",1348,-0.0502192284173767,0.00967918117488091,-0.0598984095922576
"parsimonious_cox",1349,-0.274416224205933,-0.0203603502671488,-0.254055873938784
"parsimonious_cox",1350,-0.0683610623531888,-0.0121547046256404,-0.0562063577275483
"parsimonious_cox",1351,-0.527580059725393,-0.0454995292290214,-0.482080530496371
"parsimonious_cox",1352,-0.0323674784900954,0.0303495914896872,-0.0627170699797825
"parsimonious_cox",1353,-0.129558492840376,-0.0260450493198675,-0.103513443520509
"parsimonious_cox",1354,-0.163964743811965,-0.0423810351866328,-0.121583708625332
"parsimonious_cox",1355,-0.227915237962222,0.0167330128384713,-0.244648250800693
"parsimonious_cox",1356,-0.417061992039799,-0.0260938513768022,-0.390968140662996
"parsimonious_cox",1357,-0.172865047163888,-0.0365216125505644,-0.136343434613324
"parsimonious_cox",1358,-0.123289676122472,-0.0167427247448587,-0.106546951377613
"parsimonious_cox",1359,-0.137657169415966,0.0151045430282407,-0.152761712444207
"parsimonious_cox",1360,-0.0987044183588108,-0.0110242000423812,-0.0876802183164296
"parsimonious_cox",1361,-0.280153148793059,-0.0198707073783137,-0.260282441414745
"parsimonious_cox",1362,-0.49381125416786,0.0183969232536009,-0.512208177421461
"parsimonious_cox",1363,-0.119264807496256,-0.01120014838501,-0.108064659111246
"parsimonious_cox",1364,-0.153731153466914,0.0278585922406759,-0.18158974570759
"parsimonious_cox",1365,-0.340074409485049,-0.100158417384116,-0.239915992100933
"parsimonious_cox",1366,-0.141460614496593,-0.0275887101131169,-0.113871904383476
"parsimonious_cox",1367,-0.0950996419466829,-0.0198982462551494,-0.0752013956915334
"parsimonious_cox",1368,-0.296624543535761,0.0113300094759037,-0.307954553011664
"parsimonious_cox",1369,-0.307550991246588,-0.071816740907932,-0.235734250338656
"parsimonious_cox",1370,-0.315559148055831,-0.0638688434381862,-0.251690304617645
"parsimonious_cox",1371,-0.189770987595901,0.0291169136711904,-0.218887901267091
"parsimonious_cox",1372,-0.245653495900294,-0.00320800740345024,-0.242445488496844
"parsimonious_cox",1373,-0.399070424795844,-0.0939370192864844,-0.30513340550936
"parsimonious_cox",1374,-0.161193456760962,-0.0667642994448594,-0.094429157316103
"parsimonious_cox",1375,-0.20201830552223,-0.0248208459245249,-0.177197459597705
"parsimonious_cox",1376,-0.359520228186429,-0.027928411046894,-0.331591817139535
"parsimonious_cox",1377,-0.120592333703042,-0.0248274789371008,-0.0957648547659416
"parsimonious_cox",1378,-0.16883331922741,-0.030295686574665,-0.138537632652745
"parsimonious_cox",1379,-0.387078785595415,-0.0520478462384546,-0.33503093935696
"parsimonious_cox",1380,-0.102621960478453,-0.02449993365151,-0.0781220268269429
"parsimonious_cox",1381,-0.089698300651779,-0.0506006460969663,-0.0390976545548127
"parsimonious_cox",1382,-0.264333978906451,-0.0356452986166614,-0.22868868028979
"parsimonious_cox",1383,-0.282631960051505,-0.0606260909300208,-0.222005869121484
"parsimonious_cox",1384,-0.078590838637009,0.000183944463683775,-0.0787747831006928
"parsimonious_cox",1385,-0.247452425349878,-0.000711726171997324,-0.246740699177881
"parsimonious_cox",1386,-0.0779275212768375,-0.0149318682204528,-0.0629956530563847
"parsimonious_cox",1387,-0.142312594599702,-0.0452054653992898,-0.097107129200412
"parsimonious_cox",1388,-0.201958136356849,0.0107855480578076,-0.212743684414657
"parsimonious_cox",1389,-0.185855351218508,-0.0170362809984006,-0.168819070220108
"parsimonious_cox",1390,-0.226266519080784,-0.0324750307100366,-0.193791488370747
"parsimonious_cox",1391,-0.115214165147409,0.037465984487759,-0.152680149635168
"parsimonious_cox",1392,-0.202669668768622,-0.0521426820857027,-0.15052698668292
"parsimonious_cox",1393,-0.207689500675667,-0.0138608387870223,-0.193828661888645
"parsimonious_cox",1394,-0.212428959464331,-0.0760488465532701,-0.136380112911061
"parsimonious_cox",1395,-0.396336447739595,-0.0242392797146261,-0.372097168024969
"parsimonious_cox",1396,-0.298888983744339,-0.0397803355589051,-0.259108648185434
"parsimonious_cox",1397,-0.294664432889407,-0.0261431757059207,-0.268521257183487
"parsimonious_cox",1398,-0.16908863929385,0.0115728779815553,-0.180661517275405
"parsimonious_cox",1399,-0.290812141850224,-0.031764420529107,-0.259047721321117
"parsimonious_cox",1400,-0.213114470369153,0.019305782239604,-0.232420252608757
"parsimonious_cox",1401,-0.11656763900335,-0.0849588074013798,-0.0316088316019707
"parsimonious_cox",1402,-0.372237248851284,-0.0311298218477976,-0.341107427003486
"parsimonious_cox",1403,-0.246973766922226,0.0646327528438048,-0.311606519766031
"parsimonious_cox",1404,-0.120272854322075,-0.079268610471688,-0.0410042438503868
"parsimonious_cox",1405,-0.219902089331611,-0.00643069223791613,-0.213471397093695
"parsimonious_cox",1406,-0.274773933227663,0.00173212860021027,-0.276506061827873
"parsimonious_cox",1407,-0.274414936771872,-0.0214995224928533,-0.252915414279019
"parsimonious_cox",1408,-0.385339074454622,-0.0176528358280487,-0.367686238626573
"parsimonious_cox",1409,-0.210603173134544,-0.0593830212782886,-0.151220151856256
"parsimonious_cox",1410,-0.226284870575202,-0.0216914546604456,-0.204593415914757
"parsimonious_cox",1411,-0.125366173366567,0.00140065824022167,-0.126766831606789
"parsimonious_cox",1412,-0.0681620071407959,0.0356317136254411,-0.103793720766237
"parsimonious_cox",1413,-0.593774973485483,-0.0458201287920952,-0.547954844693388
"parsimonious_cox",1414,-0.398658573346426,-0.0487384663322506,-0.349920107014175
"parsimonious_cox",1415,-0.138523149150943,0.0233621245598025,-0.161885273710746
"parsimonious_cox",1416,-0.319136472685226,-0.0196516972064464,-0.29948477547878
"parsimonious_cox",1417,-0.22567299769016,0.02259294998594,-0.2482659476761
"parsimonious_cox",1418,-0.126625109332009,-0.046671171732062,-0.0799539375999472
"parsimonious_cox",1419,-0.24685669043862,0.0125043892690886,-0.259361079707709
"parsimonious_cox",1420,-0.286065545574525,-0.00529523136467577,-0.280770314209849
"parsimonious_cox",1421,-0.0660936608866738,-0.00601212608989967,-0.0600815347967742
"parsimonious_cox",1422,-0.130444113280906,-0.00118464857177745,-0.129259464709129
"parsimonious_cox",1423,-0.267201587539967,-0.0671895796005162,-0.200012007939451
"parsimonious_cox",1424,-0.203634064043707,-0.0218051565530118,-0.181828907490696
"parsimonious_cox",1425,-0.11247095756918,-0.044729962623116,-0.0677409949460641
"parsimonious_cox",1426,-0.152553628046895,-0.0504939894277751,-0.102059638619119
"parsimonious_cox",1427,-0.113287949092698,0.000543884179963148,-0.113831833272661
"parsimonious_cox",1428,-0.203952715255959,-0.00707365659313051,-0.196879058662829
"parsimonious_cox",1429,-0.202169407602387,-0.00731833544110949,-0.194851072161277
"parsimonious_cox",1430,-0.202201282801043,0.0273063749723509,-0.229507657773394
"parsimonious_cox",1431,-0.275526146284139,-0.0397535447657007,-0.235772601518439
"parsimonious_cox",1432,-0.154415065694589,-0.00891004423983381,-0.145505021454755
"parsimonious_cox",1433,-0.0671414793570754,0.0538356963831411,-0.120977175740217
"parsimonious_cox",1434,-0.197430797781928,-0.0117702102855461,-0.185660587496382
"parsimonious_cox",1435,-0.0180982391010409,0.0595988628596013,-0.0776971019606422
"parsimonious_cox",1436,-0.3041463433479,0.00504820783594407,-0.309194551183844
"parsimonious_cox",1437,-0.0609087982016543,-0.0203325483929354,-0.0405762498087189
"parsimonious_cox",1438,-0.20837106922019,-0.0414217282330482,-0.166949340987141
"parsimonious_cox",1439,-0.230181132349949,0.0315867384217308,-0.26176787077168
"parsimonious_cox",1440,-0.1819936228335,-0.0463046335650916,-0.135688989268408
"parsimonious_cox",1441,-0.0607057774761293,0.00904685587667769,-0.069752633352807
"parsimonious_cox",1442,-0.287082313716768,-0.0655626990266343,-0.221519614690134
"parsimonious_cox",1443,-0.558193478062553,-0.0149604986420495,-0.543232979420504
"parsimonious_cox",1444,-0.246158902168431,-0.0596211359637373,-0.186537766204694
"parsimonious_cox",1445,-0.377696555587354,0.00307049635697225,-0.380767051944327
"parsimonious_cox",1446,-0.332185504609102,0.0119516033349739,-0.344137107944076
"parsimonious_cox",1447,-0.417748058395354,-0.094943664226379,-0.322804394168975
"parsimonious_cox",1448,-0.357911188533977,0.0328191777610613,-0.390730366295038
"parsimonious_cox",1449,-0.239421742901183,-0.0595007367169704,-0.179921006184213
"parsimonious_cox",1450,-0.340962438362169,0.0634437568304499,-0.404406195192619
"parsimonious_cox",1451,-0.100075692245516,0.0205232325623282,-0.120598924807845
"parsimonious_cox",1452,-0.106595476819287,-0.0545695594521566,-0.0520259173671307
"parsimonious_cox",1453,-0.193283840763856,-0.0326274368375472,-0.160656403926309
"parsimonious_cox",1454,-0.181283836872333,0.13938485706301,-0.320668693935343
"parsimonious_cox",1455,-0.287930001176862,-0.0261724495127541,-0.261757551664108
"parsimonious_cox",1456,-0.244360439138542,-0.0906615756440186,-0.153698863494524
"parsimonious_cox",1457,-0.329991830506209,-0.0503549444219593,-0.27963688608425
"parsimonious_cox",1458,-0.487749704421644,-0.114970541472133,-0.372779162949511
"parsimonious_cox",1459,-0.249745194580415,0.0128403649027184,-0.262585559483134
"parsimonious_cox",1460,-0.161906049428078,-0.0348755066223603,-0.127030542805718
"parsimonious_cox",1461,-0.19475527394955,-0.0314606506600741,-0.163294623289475
"parsimonious_cox",1462,-0.199178981552668,0.00616418873904658,-0.205343170291715
"parsimonious_cox",1463,-0.0684968366303905,0.0669755504213847,-0.135472387051775
"parsimonious_cox",1464,-0.0812240036022944,-0.0221998724464813,-0.0590241311558131
"parsimonious_cox",1465,-0.131957102087199,0.0299308877263403,-0.161887989813539
"parsimonious_cox",1466,-0.29671181837469,0.019235891072311,-0.315947709447001
"parsimonious_cox",1467,-0.178380335525891,-0.0657395129385107,-0.11264082258738
"parsimonious_cox",1468,-0.276598602973957,-0.050135434137864,-0.226463168836093
"parsimonious_cox",1469,-0.313156517856588,-0.0133628062107847,-0.299793711645803
"parsimonious_cox",1470,-0.0380544954717277,0.00604483638458584,-0.0440993318563136
"parsimonious_cox",1471,-0.310681414841829,0.0216674038358673,-0.332348818677696
"parsimonious_cox",1472,-0.145674819168108,-0.0389520671265742,-0.106722752041534
"parsimonious_cox",1473,-0.135576807380504,0.0381905633154945,-0.173767370695999
"parsimonious_cox",1474,-0.184991878325623,-0.0107969636795963,-0.174194914646027
"parsimonious_cox",1475,-0.180384241983431,-0.0136246673238454,-0.166759574659586
"parsimonious_cox",1476,-0.259588450283694,0.00352309662746614,-0.26311154691116
"parsimonious_cox",1477,-0.270440714144092,-0.0207597413317267,-0.249680972812365
"parsimonious_cox",1478,-0.153023450376101,-0.0198774057970578,-0.133146044579043
"parsimonious_cox",1479,-0.101993935198825,0.017687755832679,-0.119681691031504
"parsimonious_cox",1480,-0.0946999779132826,-0.0318850047332475,-0.0628149731800352
"parsimonious_cox",1481,-0.364122502305558,-0.016433379218134,-0.347689123087424
"parsimonious_cox",1482,-0.12687972508271,-0.0400406545858671,-0.0868390704968432
"parsimonious_cox",1483,-0.307247983492586,-0.00815276679601895,-0.299095216696567
"parsimonious_cox",1484,-0.0887768871471694,-0.0108861285706355,-0.0778907585765339
"parsimonious_cox",1485,-0.068807635400801,0.0339595094167794,-0.10276714481758
"parsimonious_cox",1486,-0.253386434709573,-0.0472236434488461,-0.206162791260727
"parsimonious_cox",1487,-0.0699103583747077,0.0596336868136334,-0.129544045188341
"parsimonious_cox",1488,-0.340104897374485,-0.00668881847583496,-0.33341607889865
"parsimonious_cox",1489,-0.38746572878106,-0.0287456985523008,-0.358720030228759
"parsimonious_cox",1490,-0.159189416519662,0.0157196332285039,-0.174909049748166
"parsimonious_cox",1491,-0.0969868565243498,0.0074144331818423,-0.104401289706192
"parsimonious_cox",1492,-0.246813319400592,0.0138361515535761,-0.260649470954168
"parsimonious_cox",1493,-0.167143933761521,0.0624700020668039,-0.229613935828325
"parsimonious_cox",1494,-0.422550446410149,-0.0871572544956164,-0.335393191914532
"parsimonious_cox",1495,-0.191423624936158,0.0156722432929654,-0.207095868229124
"parsimonious_cox",1496,-0.284468910314742,-0.00773885586986019,-0.276730054444882
"parsimonious_cox",1497,-0.411326732184789,-0.139557573020712,-0.271769159164076
"parsimonious_cox",1498,-0.0524417477517211,0.0441638743499727,-0.0966056221016938
"parsimonious_cox",1499,-0.187181837701095,-0.0269945873845031,-0.160187250316592
"parsimonious_cox",1500,-0.172221433613356,-0.0506259253362986,-0.121595508277057
"parsimonious_cox",1501,-0.260549432903755,-0.0475256282527209,-0.213023804651034
"parsimonious_cox",1502,-0.217886252512659,-0.00696536016498751,-0.210920892347672
"parsimonious_cox",1503,-0.056398949000235,0.0975578424210434,-0.153956791421278
"parsimonious_cox",1504,-0.29956911532322,0.0392097726152654,-0.338778887938485
"parsimonious_cox",1505,-0.113606415853352,0.0217355993352522,-0.135342015188604
"parsimonious_cox",1506,-0.244019658961312,-0.00878434477245946,-0.235235314188853
"parsimonious_cox",1507,-0.162096354898455,-0.0612129222505341,-0.100883432647921
"parsimonious_cox",1508,-0.266247110043111,-0.0000211987089631975,-0.266225911334148
"parsimonious_cox",1509,-0.266729289975386,-0.0765563800561747,-0.190172909919211
"parsimonious_cox",1510,-0.125234664179932,0.0293375001900926,-0.154572164370025
"parsimonious_cox",1511,-0.271752588027485,-0.018018579923201,-0.253734008104284
"parsimonious_cox",1512,-0.258269741005282,-0.0298828935125523,-0.22838684749273
"parsimonious_cox",1513,-0.0128173685880659,-0.00454761294589804,-0.00826975564216782
"parsimonious_cox",1514,-0.0827204999968383,0.0303277783367988,-0.113048278333637
"parsimonious_cox",1515,-0.165440155589113,-0.0431650480860264,-0.122275107503087
"parsimonious_cox",1516,-0.166956645250515,-0.0172761799972603,-0.149680465253255
"parsimonious_cox",1517,-0.219120739142123,-0.0770555823780146,-0.142065156764108
"parsimonious_cox",1518,-0.116741045460841,0.0289545538845914,-0.145695599345433
"parsimonious_cox",1519,-0.244195115943802,-0.0577328964947404,-0.186462219449062
"parsimonious_cox",1520,-0.0400703461416193,0.00375915679434491,-0.0438295029359642
"parsimonious_cox",1521,-0.228862908922718,-0.0357977589432639,-0.193065149979454
"parsimonious_cox",1522,-0.448328385977166,0.00309887199236493,-0.451427257969531
"parsimonious_cox",1523,-0.191162094178577,0.0128387375937152,-0.204000831772292
"parsimonious_cox",1524,-0.27187736825962,-0.14112162199499,-0.13075574626463
"parsimonious_cox",1525,-0.244937492039715,0.000389503817579158,-0.245326995857294
"parsimonious_cox",1526,-0.417436047074127,-0.0700593024588517,-0.347376744615275
"parsimonious_cox",1527,-0.0619750653423774,-0.015639922027683,-0.0463351433146944
"parsimonious_cox",1528,-0.259695903653734,0.0609337682535518,-0.320629671907286
"parsimonious_cox",1529,-0.192490327669902,0.00791595824873393,-0.200406285918636
"parsimonious_cox",1530,-0.258146345141165,0.0511867047159441,-0.30933304985711
"parsimonious_cox",1531,-0.19655017113756,-0.0804051000752269,-0.116145071062333
"parsimonious_cox",1532,-0.153492105646518,0.0127366214949872,-0.166228727141505
"parsimonious_cox",1533,-0.164889043425039,0.0302641441729653,-0.195153187598004
"parsimonious_cox",1534,-0.160371084903755,0.0195452202134357,-0.179916305117191
"parsimonious_cox",1535,-0.319772946824113,-0.0208862231067231,-0.29888672371739
"parsimonious_cox",1536,-0.122331757408962,-0.0577272535937372,-0.0646045038152248
"parsimonious_cox",1537,-0.0711336760688894,-0.0412679278815129,-0.0298657481873765
"parsimonious_cox",1538,-0.126226396419466,0.00936139707397783,-0.135587793493444
"parsimonious_cox",1539,-0.170373231708106,0.00831803494422884,-0.178691266652335
"parsimonious_cox",1540,-0.430200908486447,-0.0381988296336271,-0.39200207885282
"parsimonious_cox",1541,-0.142996638560859,0.00200890605178535,-0.145005544612645
"parsimonious_cox",1542,-0.257832503065493,0.0213312499274619,-0.279163752992954
"parsimonious_cox",1543,-0.145222312907077,-0.0248211610316623,-0.120401151875415
"parsimonious_cox",1544,-0.20283909633534,0.0149902310788355,-0.217829327414175
"parsimonious_cox",1545,-0.201773434256559,0.00397225810806266,-0.205745692364622
"parsimonious_cox",1546,-0.189407031867171,0.0552587898269237,-0.244665821694095
"parsimonious_cox",1547,-0.311951635938255,-0.0148297398235496,-0.297121896114706
"parsimonious_cox",1548,-0.104272199161953,0.0265296988655554,-0.130801898027509
"parsimonious_cox",1549,-0.395160598783143,-0.0259484642441489,-0.369212134538994
"parsimonious_cox",1550,-0.194441254213551,-0.0668311344409099,-0.127610119772641
"parsimonious_cox",1551,-0.0103369213356151,0.0321662918309713,-0.0425032131665864
"parsimonious_cox",1552,-0.30561906605789,-0.00568375406907622,-0.299935311988814
"parsimonious_cox",1553,-0.186798966163186,-0.0541513478502742,-0.132647618312912
"parsimonious_cox",1554,-0.248121992843969,-0.0289234996121407,-0.219198493231828
"parsimonious_cox",1555,0.0284854847126043,0.00107416334269673,0.0274113213699076
"parsimonious_cox",1556,-0.321959592445706,-0.0796137087683112,-0.242345883677395
"parsimonious_cox",1557,-0.078354697497996,-0.0249523625204072,-0.0534023349775888
"parsimonious_cox",1558,-0.0632389002151624,-0.0269216184164184,-0.036317281798744
"parsimonious_cox",1559,-0.309114494857651,-0.0577199635231095,-0.251394531334542
"parsimonious_cox",1560,-0.275612808371945,-0.0403560215208761,-0.235256786851069
"parsimonious_cox",1561,-0.203928664939477,0.023192146782341,-0.227120811721818
"parsimonious_cox",1562,-0.141116491188557,-0.0143136456586719,-0.126802845529885
"parsimonious_cox",1563,-0.188716274297175,-0.035818272377019,-0.152898001920156
"parsimonious_cox",1564,-0.194984733926861,-0.0146411888937796,-0.180343545033081
"parsimonious_cox",1565,-0.252647075398985,-0.0552444161323602,-0.197402659266624
"parsimonious_cox",1566,-0.284125735635171,-0.0261170547865183,-0.258008680848653
"parsimonious_cox",1567,-0.246774180396026,0.0211110018159696,-0.267885182211996
"parsimonious_cox",1568,-0.207918976207797,-0.0222974475980118,-0.185621528609785
"parsimonious_cox",1569,-0.142644625318254,-0.00785635532884698,-0.134788269989407
"parsimonious_cox",1570,-0.327611030106688,-0.0236437122029809,-0.303967317903707
"parsimonious_cox",1571,-0.162406529214691,0.0199108769849777,-0.182317406199668
"parsimonious_cox",1572,-0.105127779347552,0.00802486667869555,-0.113152646026247
"parsimonious_cox",1573,-0.176123906156626,0.0571966591510285,-0.233320565307654
"parsimonious_cox",1574,-0.202378219161346,-0.0349541098779017,-0.167424109283445
"parsimonious_cox",1575,-0.146895446096846,-0.0706844319265421,-0.0762110141703044
"parsimonious_cox",1576,-0.313494332408268,-0.0534927177197638,-0.260001614688504
"parsimonious_cox",1577,-0.134798751666872,0.0212829022851867,-0.156081653952059
"parsimonious_cox",1578,-0.24146476545534,-0.00103291769334797,-0.240431847761992
"parsimonious_cox",1579,-0.24028017081288,0.000724403285185331,-0.241004574098066
"parsimonious_cox",1580,-0.35639793286392,-0.0315075552121161,-0.324890377651804
"parsimonious_cox",1581,-0.149885762695708,0.0400612144735602,-0.189946977169268
"parsimonious_cox",1582,-0.22554822902148,0.00556131793551564,-0.231109546956996
"parsimonious_cox",1583,-0.290710459883955,0.0958493855231043,-0.386559845407059
"parsimonious_cox",1584,-0.217496258297027,-0.0180786748033891,-0.199417583493638
"parsimonious_cox",1585,-0.223689624981123,0.0296685480542787,-0.253358173035401
"parsimonious_cox",1586,-0.215584840640697,-0.0109897993565333,-0.204595041284164
"parsimonious_cox",1587,-0.159509473377783,-0.0764197966516886,-0.0830896767260944
"parsimonious_cox",1588,-0.263199610660072,-0.0372803975139849,-0.225919213146087
"parsimonious_cox",1589,-0.297424057961961,-0.0441761255634643,-0.253247932398497
"parsimonious_cox",1590,-0.0404618752563178,-0.00163121026749242,-0.0388306649888254
"parsimonious_cox",1591,-0.124164532989555,0.0129195132502895,-0.137084046239844
"parsimonious_cox",1592,-0.300091895800097,-0.060226291954949,-0.239865603845148
"parsimonious_cox",1593,-0.221654009789725,0.0238600336537472,-0.245514043443472
"parsimonious_cox",1594,-0.428612561834314,-0.0142970492850656,-0.414315512549248
"parsimonious_cox",1595,-0.262403332836055,0.0587244252108505,-0.321127758046905
"parsimonious_cox",1596,-0.33663703272407,0.0275534752322531,-0.364190507956323
"parsimonious_cox",1597,-0.043832636414967,0.0365710980291485,-0.0804037344441155
"parsimonious_cox",1598,-0.175283649328025,0.0036759753490971,-0.178959624677122
"parsimonious_cox",1599,-0.572284703468533,0.06359305193974,-0.635877755408273
"parsimonious_cox",1600,-0.306714048841522,0.0264029830759469,-0.333117031917469
"parsimonious_cox",1601,-0.423987218931961,-0.114711675245382,-0.30927554368658
"parsimonious_cox",1602,-0.26377163122713,-0.0279251803940884,-0.235846450833042
"parsimonious_cox",1603,-0.42666593945231,0.009492086478314,-0.436158025930624
"parsimonious_cox",1604,-0.131926723082992,-0.0492374024204543,-0.0826893206625379
"parsimonious_cox",1605,-0.43909191894477,0.023592830456962,-0.462684749401732
"parsimonious_cox",1606,-0.0856742598125511,0.0246691124819319,-0.110343372294483
"parsimonious_cox",1607,-0.293183605365796,-0.0400939449177702,-0.253089660448026
"parsimonious_cox",1608,-0.338503057597937,0.0481744406059125,-0.386677498203849
"parsimonious_cox",1609,-0.35205633017699,-0.0523551441106646,-0.299701186066325
"parsimonious_cox",1610,-0.090561521159709,0.0151833214176002,-0.105744842577309
"parsimonious_cox",1611,-0.182428707913735,0.00920295076220448,-0.191631658675939
"parsimonious_cox",1612,-0.206425739067834,0.112028574062329,-0.318454313130164
"parsimonious_cox",1613,-0.257133219498612,0.00199831432914048,-0.259131533827752
"parsimonious_cox",1614,-0.215351993631786,-0.0203259206061717,-0.195026073025614
"parsimonious_cox",1615,0.0801564603564225,-0.00253904702454234,0.0826955073809648
"parsimonious_cox",1616,-0.169816410759285,-0.0391253842654134,-0.130691026493872
"parsimonious_cox",1617,-0.313781776201465,-0.00666259191343448,-0.307119184288031
"parsimonious_cox",1618,-0.0970799776141638,0.0232682901754519,-0.120348267789616
"parsimonious_cox",1619,-0.16586753650853,-0.0242792397535428,-0.141588296754988
"parsimonious_cox",1620,-0.137789857924028,-0.0101097343386262,-0.127680123585402
"parsimonious_cox",1621,-0.342707357417891,-0.034542208426363,-0.308165148991528
"parsimonious_cox",1622,-0.250834565040983,0.0347332082477646,-0.285567773288747
"parsimonious_cox",1623,-0.199939573904307,0.0184061773043109,-0.218345751208618
"parsimonious_cox",1624,-0.236678723868619,-0.0634209615502808,-0.173257762318338
"parsimonious_cox",1625,-0.465311239938486,-0.213897618334851,-0.251413621603635
"parsimonious_cox",1626,-0.221827641660118,0.0160110869575691,-0.237838728617687
"parsimonious_cox",1627,-0.326043071036083,-0.04318902897411,-0.282854042061973
"parsimonious_cox",1628,-0.241835044710254,-0.00186708870035521,-0.239967956009898
"parsimonious_cox",1629,-0.308700742808414,0.0283034727061735,-0.337004215514587
"parsimonious_cox",1630,-0.144476277835853,-0.0244748991118849,-0.120001378723968
"parsimonious_cox",1631,-0.0527684650616766,-0.0201395671895933,-0.0326288978720833
"parsimonious_cox",1632,-0.170415422662913,-0.0107172015282066,-0.159698221134706
"parsimonious_cox",1633,-0.0924791133521533,0.0205853494402032,-0.113064462792357
"parsimonious_cox",1634,-0.114291650213621,-0.0052406555670141,-0.109050994646607
"parsimonious_cox",1635,-0.260084302091241,-0.00568664025716631,-0.254397661834075
"parsimonious_cox",1636,-0.105008158978597,0.0664765818061483,-0.171484740784746
"parsimonious_cox",1637,-0.198849591156275,-0.0174734220760401,-0.181376169080235
"parsimonious_cox",1638,-0.182530419933679,-0.081619837942328,-0.100910581991351
"parsimonious_cox",1639,-0.192361943589879,-0.00936257328594667,-0.182999370303933
"parsimonious_cox",1640,-0.343069964547138,0.0514349555183249,-0.394504920065463
"parsimonious_cox",1641,-0.0609291229164134,0.0407900736088623,-0.101719196525276
"parsimonious_cox",1642,-0.432920456917277,-0.0521780418724832,-0.380742415044794
"parsimonious_cox",1643,-0.195428715000359,-0.0628894308701575,-0.132539284130201
"parsimonious_cox",1644,-0.0882626867568233,0.0184900582966134,-0.106752745053437
"parsimonious_cox",1645,-0.183168316050978,0.0372136821365254,-0.220381998187503
"parsimonious_cox",1646,-0.203158283671511,-0.0584380666352501,-0.14472021703626
"parsimonious_cox",1647,-0.178596333209921,-0.0174919925562115,-0.16110434065371
"parsimonious_cox",1648,-0.213856560346481,0.00743971305120294,-0.221296273397684
"parsimonious_cox",1649,-0.270668465308095,0.0272454153957554,-0.297913880703851
"parsimonious_cox",1650,-0.161003869249011,-0.00762804684004469,-0.153375822408967
"parsimonious_cox",1651,-0.128265700326972,-0.0987964328488917,-0.0294692674780801
"parsimonious_cox",1652,-0.138108019571299,0.022902004342187,-0.161010023913486
"parsimonious_cox",1653,-0.25918856707426,-0.0333673311806163,-0.225821235893644
"parsimonious_cox",1654,-0.149924477675906,-0.0559948898583187,-0.0939295878175876
"parsimonious_cox",1655,-0.220918818348882,-0.0207457246396763,-0.200173093709206
"parsimonious_cox",1656,-0.217509792676188,-0.0000443806087659585,-0.217465412067422
"parsimonious_cox",1657,-0.133926466596923,-0.00678136860132315,-0.1271450979956
"parsimonious_cox",1658,-0.304006101191493,0.0142385393461953,-0.318244640537688
"parsimonious_cox",1659,-0.173032490674943,-0.0741955876502583,-0.0988369030246848
"parsimonious_cox",1660,-0.200893881921094,0.0182584827958814,-0.219152364716975
"parsimonious_cox",1661,-0.192630345849351,-0.0603186895267731,-0.132311656322578
"parsimonious_cox",1662,-0.387147027491831,-0.0328179674771469,-0.354329060014684
"parsimonious_cox",1663,-0.347277442741133,0.0167982136848673,-0.364075656426
"parsimonious_cox",1664,-0.223605047892699,0.0172584676000666,-0.240863515492766
"parsimonious_cox",1665,-0.29965192478338,-0.0533007827863726,-0.246351141997008
"parsimonious_cox",1666,-0.518724229950668,-0.0595151541026147,-0.459209075848053
"parsimonious_cox",1667,-0.299934415338631,-0.0597762252772415,-0.24015819006139
"parsimonious_cox",1668,-0.165004523883884,0.0443032290689215,-0.209307752952806
"parsimonious_cox",1669,-0.0374911605870182,-0.0189654518294456,-0.0185257087575726
"parsimonious_cox",1670,-0.361275990698813,-0.0259999629831721,-0.335276027715641
"parsimonious_cox",1671,-0.138496254577106,0.0387528904009797,-0.177249144978086
"parsimonious_cox",1672,-0.0863764469105907,0.0361247448629426,-0.122501191773533
"parsimonious_cox",1673,-0.135872939372317,0.00576942056306568,-0.141642359935383
"parsimonious_cox",1674,-0.0169281707261659,-0.00892235407533831,-0.00800581665082756
"parsimonious_cox",1675,-0.217521947790017,-0.0922494312839019,-0.125272516506115
"parsimonious_cox",1676,-0.241314624002278,-0.0400856256701982,-0.201228998332079
"parsimonious_cox",1677,-0.0198153660825085,0.00586951528101425,-0.0256848813635227
"parsimonious_cox",1678,-0.267150069093627,0.0206039099765637,-0.28775397907019
"parsimonious_cox",1679,-0.273534778205,-0.0298438831747307,-0.243690895030269
"parsimonious_cox",1680,-0.23437810623296,-0.00955599778921614,-0.224822108443744
"parsimonious_cox",1681,-0.20486959724523,-0.012825108473462,-0.192044488771767
"parsimonious_cox",1682,-0.333053929001837,-0.0217357273079215,-0.311318201693915
"parsimonious_cox",1683,-0.334053909995104,-0.0239427800485348,-0.310111129946569
"parsimonious_cox",1684,-0.0390142262091619,-0.0106754243706171,-0.0283388018385447
"parsimonious_cox",1685,-0.156584817146848,-0.039239332340778,-0.11734548480607
"parsimonious_cox",1686,-0.199191303490258,-0.000921376178924265,-0.198269927311334
"parsimonious_cox",1687,-0.140608200877514,-0.0220337367105431,-0.118574464166971
"parsimonious_cox",1688,-0.123108650681876,-0.0103564328800476,-0.112752217801829
"parsimonious_cox",1689,-0.28393031999791,-0.0264751397748409,-0.257455180223069
"parsimonious_cox",1690,-0.240718906188619,-0.0102585762603953,-0.230460329928223
"parsimonious_cox",1691,-0.2125962311808,0.00335255206471285,-0.215948783245513
"parsimonious_cox",1692,-0.362109287394792,-0.0368806164464401,-0.325228670948352
"parsimonious_cox",1693,-0.192433095222315,-0.052928404726264,-0.139504690496051
"parsimonious_cox",1694,-0.298835175071831,-0.00522249132412336,-0.293612683747708
"parsimonious_cox",1695,-0.17117859230486,-0.0357057748732721,-0.135472817431588
"parsimonious_cox",1696,-0.240952835226476,0.0429720434869183,-0.283924878713394
"parsimonious_cox",1697,-0.228751915724829,-0.0461980595198483,-0.182553856204981
"parsimonious_cox",1698,-0.146034593010954,-0.000759300101794144,-0.14527529290916
"parsimonious_cox",1699,-0.244511848354802,-0.0610181202066682,-0.183493728148134
"parsimonious_cox",1700,-0.0521120877637953,0.0031493062208394,-0.0552613939846347
"parsimonious_cox",1701,-0.0978278872488227,0.0238107463694558,-0.121638633618279
"parsimonious_cox",1702,-0.147114066742015,0.0104299993786719,-0.157544066120687
"parsimonious_cox",1703,-0.200623838377332,0.0375261567599833,-0.238149995137315
"parsimonious_cox",1704,-0.12738436964352,-0.00508682817376096,-0.122297541469759
"parsimonious_cox",1705,-0.214949643640038,-0.031760669734309,-0.183188973905729
"parsimonious_cox",1706,-0.0637071421520802,-0.0537831240313741,-0.00992401812070614
"parsimonious_cox",1707,-0.121878431578329,-0.115117357578494,-0.00676107399983548
"parsimonious_cox",1708,-0.347624195166959,-0.048883614067776,-0.298740581099183
"parsimonious_cox",1709,-0.140154607323095,-0.0569084739899092,-0.083246133333186
"parsimonious_cox",1710,-0.313004302756955,-0.071408896216562,-0.241595406540393
"parsimonious_cox",1711,-0.106545595643686,-0.0695040477801547,-0.0370415478635316
"parsimonious_cox",1712,-0.339515906244955,-0.0651101987280882,-0.274405707516867
"parsimonious_cox",1713,-0.21534548660463,0.015705677207039,-0.231051163811668
"parsimonious_cox",1714,-0.334892562324577,-0.0412717225127085,-0.293620839811868
"parsimonious_cox",1715,-0.254231297539305,-0.0282374196895454,-0.22599387784976
"parsimonious_cox",1716,-0.101532638743062,-0.0158485854439585,-0.0856840532991039
"parsimonious_cox",1717,-0.380872887183652,-0.118495799939924,-0.262377087243728
"parsimonious_cox",1718,-0.200849530170596,0.0301430818925726,-0.230992612063169
"parsimonious_cox",1719,-0.123291647022901,-0.0747065961313307,-0.0485850508915706
"parsimonious_cox",1720,-0.1016211493239,0.013257288366764,-0.114878437690663
"parsimonious_cox",1721,-0.0329125769852925,0.014643615072965,-0.0475561920582575
"parsimonious_cox",1722,-0.380955075934547,-0.0170852274860693,-0.363869848448478
"parsimonious_cox",1723,-0.450165894445044,-0.0103629304209705,-0.439802964024073
"parsimonious_cox",1724,0.0510165900140662,0.0519190365903208,-0.000902446576254656
"parsimonious_cox",1725,0.0169464485696866,0.0360945223022799,-0.0191480737325933
"parsimonious_cox",1726,-0.0967076291158469,-0.0139541682122347,-0.0827534609036122
"parsimonious_cox",1727,-0.126533983162762,0.0135718448822731,-0.140105828045035
"parsimonious_cox",1728,-0.188358010906067,0.0754491223286415,-0.263807133234709
"parsimonious_cox",1729,-0.36325047842155,0.0309334705176629,-0.394183948939213
"parsimonious_cox",1730,-0.179571412165184,-0.006344784988286,-0.173226627176898
"parsimonious_cox",1731,-0.130713559958113,-0.0190426744639273,-0.111670885494185
"parsimonious_cox",1732,-0.0887563524950696,-0.00195668856698945,-0.0867996639280802
"parsimonious_cox",1733,-0.308966261480446,-0.0117427904536438,-0.297223471026803
"parsimonious_cox",1734,-0.117716440721433,-0.00880812169311383,-0.108908319028319
"parsimonious_cox",1735,-0.307572491140326,-0.0271199342988344,-0.280452556841492
"parsimonious_cox",1736,-0.201294841101561,0.0161429180680504,-0.217437759169612
"parsimonious_cox",1737,-0.197305844498101,-0.00911257611999274,-0.188193268378108
"parsimonious_cox",1738,-0.401667343171437,-0.0134853151036053,-0.388182028067832
"parsimonious_cox",1739,-0.310801730204147,-0.0870834071252404,-0.223718323078907
"parsimonious_cox",1740,-0.236793536402573,-0.0203234359428709,-0.216470100459702
"parsimonious_cox",1741,-0.471415089406532,-0.0570767423862059,-0.414338347020326
"parsimonious_cox",1742,-0.224297707800404,-0.017628612715527,-0.206669095084877
"parsimonious_cox",1743,-0.210060169842557,-0.0571232082912428,-0.152936961551315
"parsimonious_cox",1744,-0.266111613553174,-0.00407213496680083,-0.262039478586373
"parsimonious_cox",1745,-0.169379991475559,0.00107395776738856,-0.170453949242947
"parsimonious_cox",1746,-0.2217030173938,-0.0484324062957871,-0.173270611098013
"parsimonious_cox",1747,-0.167898149882688,0.0264906962203477,-0.194388846103036
"parsimonious_cox",1748,-0.165052991718144,0.0304828282497701,-0.195535819967914
"parsimonious_cox",1749,-0.084068255664206,-0.0697596058138366,-0.0143086498503694
"parsimonious_cox",1750,-0.419992104341275,-0.0393158958435773,-0.380676208497698
"parsimonious_cox",1751,0.00194027087287162,0.0368703226333772,-0.0349300517605056
"parsimonious_cox",1752,-0.222428189949157,-0.0469214407341298,-0.175506749215027
"parsimonious_cox",1753,-0.150984664924023,-0.0252859284321785,-0.125698736491844
"parsimonious_cox",1754,-0.314517236208822,-0.033436129272792,-0.28108110693603
"parsimonious_cox",1755,-0.168160107316045,-0.00211934586352934,-0.166040761452516
"parsimonious_cox",1756,-0.38249128919422,-0.0156932586680309,-0.366798030526189
"parsimonious_cox",1757,-0.108065632346312,0.0198383908376723,-0.127904023183985
"parsimonious_cox",1758,-0.34944654969099,0.0069343396469719,-0.356380889337962
"parsimonious_cox",1759,-0.350618561443598,-0.0734178970055995,-0.277200664437998
"parsimonious_cox",1760,-0.633392388512614,-0.00821175792402608,-0.625180630588588
"parsimonious_cox",1761,-0.155561557527389,-0.0655264488244921,-0.0900351087028969
"parsimonious_cox",1762,-0.174041843456633,-0.0169847977445202,-0.157057045712113
"parsimonious_cox",1763,-0.131491097214986,0.0250529253169205,-0.156544022531906
"parsimonious_cox",1764,-0.0406508081865378,-0.0784696483044406,0.0378188401179028
"parsimonious_cox",1765,-0.105532647017406,-0.00318376018542784,-0.102348886831978
"parsimonious_cox",1766,-0.180349544432927,0.0724281223661591,-0.252777666799086
"parsimonious_cox",1767,-0.210907813060243,-0.0257101209746274,-0.185197692085615
"parsimonious_cox",1768,-0.363502756991839,0.0350443548309738,-0.398547111822812
"parsimonious_cox",1769,-0.284097022213138,0.0177016658556054,-0.301798688068743
"parsimonious_cox",1770,-0.209433639891914,0.0568663055400229,-0.266299945431937
"parsimonious_cox",1771,-0.176815821659023,-0.029793898168216,-0.147021923490807
"parsimonious_cox",1772,-0.163407379314083,-0.0140533456150921,-0.149354033698991
"parsimonious_cox",1773,-0.176686112733805,-0.0374460670798572,-0.139240045653948
"parsimonious_cox",1774,-0.325610993353993,-0.00852377576445227,-0.317087217589541
"parsimonious_cox",1775,-0.0517035471244911,-0.0237025336573034,-0.0280010134671877
"parsimonious_cox",1776,-0.318404615881417,-0.0334174326301768,-0.284987183251241
"parsimonious_cox",1777,-0.23923024813688,0.0198745006951324,-0.259104748832012
"parsimonious_cox",1778,-0.110246779856953,0.00806822485902717,-0.11831500471598
"parsimonious_cox",1779,-0.239550273635358,-0.0682120629965218,-0.171338210638836
"parsimonious_cox",1780,-0.170947709157617,0.00432490451526169,-0.175272613672879
"parsimonious_cox",1781,-0.182736756460107,0.083906473725013,-0.26664323018512
"parsimonious_cox",1782,-0.25512543315275,-0.0282589608751369,-0.226866472277613
"parsimonious_cox",1783,0.000467991249391284,-0.0131823912083154,0.0136503824577067
"parsimonious_cox",1784,-0.281499279201514,-0.0537131200028304,-0.227786159198683
"parsimonious_cox",1785,-0.305136925902741,-0.00370022110717864,-0.301436704795563
"parsimonious_cox",1786,-0.122440091174774,0.031823913695057,-0.154264004869831
"parsimonious_cox",1787,-0.165953574933746,0.00869073946428982,-0.174644314398036
"parsimonious_cox",1788,-0.050793805031597,0.00529950142590015,-0.0560933064574972
"parsimonious_cox",1789,-0.474316176753279,-0.0622738982704612,-0.412042278482817
"parsimonious_cox",1790,-0.0330672938924757,0.0419530604806003,-0.075020354373076
"parsimonious_cox",1791,-0.200485246523256,0.0144278122857036,-0.214913058808959
"parsimonious_cox",1792,-0.225620217764966,0.00914240932888145,-0.234762627093847
"parsimonious_cox",1793,-0.11166224307803,0.0149587604911401,-0.126621003569171
"parsimonious_cox",1794,-0.173261495766861,0.0555760582180097,-0.22883755398487
"parsimonious_cox",1795,-0.349456577793062,-0.0180901548221079,-0.331366422970954
"parsimonious_cox",1796,-0.120678447768149,-0.0566598501678438,-0.0640185976003056
"parsimonious_cox",1797,-0.110334697566939,0.00585774460915201,-0.116192442176091
"parsimonious_cox",1798,-0.133921900275052,0.0996473858556971,-0.233569286130749
"parsimonious_cox",1799,-0.0897965032409732,-0.0168568570390924,-0.0729396462018808
"parsimonious_cox",1800,-0.477361820689179,-0.103686011627951,-0.373675809061227
"parsimonious_cox",1801,-0.261451631441393,-0.0204574121213096,-0.240994219320083
"parsimonious_cox",1802,-0.22499439773373,0.00186204983423351,-0.226856447567963
"parsimonious_cox",1803,-0.0399659477707307,-0.0247541562740448,-0.0152117914966859
"parsimonious_cox",1804,-0.437758153421379,-0.0502006029672801,-0.387557550454099
"parsimonious_cox",1805,-0.13717628358787,0.00168122422411463,-0.138857507811985
"parsimonious_cox",1806,-0.138432680517665,-0.0179477497545555,-0.120484930763109
"parsimonious_cox",1807,-0.182866149876424,-0.0288829840308353,-0.153983165845589
"parsimonious_cox",1808,-0.252049413496165,0.0384488795056681,-0.290498293001833
"parsimonious_cox",1809,-0.248372863056422,-0.0243847507250722,-0.22398811233135
"parsimonious_cox",1810,-0.409521634473476,-0.0715924761330288,-0.337929158340447
"parsimonious_cox",1811,-0.228245039685638,0.00851463828108673,-0.236759677966724
"parsimonious_cox",1812,-0.0876685970910503,0.0374642609072662,-0.125132857998317
"parsimonious_cox",1813,-0.28732040459041,-0.0288552508070958,-0.258465153783315
"parsimonious_cox",1814,-0.160267067049343,-0.0114300531465556,-0.148837013902788
"parsimonious_cox",1815,0.017042398709722,0.0220536266792636,-0.00501122796954166
"parsimonious_cox",1816,-0.161920703632769,0.05030179289069,-0.212222496523459
"parsimonious_cox",1817,-0.0848638296397534,-0.0420250340202884,-0.042838795619465
"parsimonious_cox",1818,-0.369747160355442,-0.0138612596251856,-0.355885900730256
"parsimonious_cox",1819,-0.376085322399255,-0.0142804337828067,-0.361804888616448
"parsimonious_cox",1820,-0.0654045624065785,0.0399652431225727,-0.105369805529151
"parsimonious_cox",1821,-0.350370041432241,0.0156986604274796,-0.366068701859721
"parsimonious_cox",1822,-0.314094117828183,-0.0689514970066408,-0.245142620821542
"parsimonious_cox",1823,-0.0404669029993565,-0.0374056295614281,-0.00306127343792835
"parsimonious_cox",1824,-0.427769640764845,0.0117441122560123,-0.439513753020857
"parsimonious_cox",1825,-0.0272541111561466,0.019631967861485,-0.0468860790176316
"parsimonious_cox",1826,-0.134141358854059,0.0091557343152257,-0.143297093169285
"parsimonious_cox",1827,-0.582505407948156,-0.00461034373504718,-0.577895064213109
"parsimonious_cox",1828,-0.231828955279115,0.0726772461000824,-0.304506201379198
"parsimonious_cox",1829,-0.108653904474298,0.0173369028136183,-0.125990807287916
"parsimonious_cox",1830,-0.13945263537736,-0.0131491057933377,-0.126303529584022
"parsimonious_cox",1831,-0.163399423626488,0.0598402003769467,-0.223239624003434
"parsimonious_cox",1832,-0.149185793319667,-0.00260310126393712,-0.14658269205573
"parsimonious_cox",1833,-0.21158958983045,-0.0106755525643019,-0.200914037266148
"parsimonious_cox",1834,-0.380826221220833,-0.0496547065508048,-0.331171514670029
"parsimonious_cox",1835,-0.17984928469134,0.0196909482765257,-0.199540232967865
"parsimonious_cox",1836,-0.130586882984435,0.046369607346116,-0.176956490330551
"parsimonious_cox",1837,-0.303041936367154,-0.0304107127576808,-0.272631223609473
"parsimonious_cox",1838,-0.157455159096621,0.0229477575354638,-0.180402916632084
"parsimonious_cox",1839,-0.225132724612135,-0.00144957643282333,-0.223683148179312
"parsimonious_cox",1840,-0.227972811423601,0.00656239086360046,-0.234535202287201
"parsimonious_cox",1841,-0.392948256441607,-0.0491601950395217,-0.343788061402085
"parsimonious_cox",1842,-0.324605563275602,-0.0286078129428056,-0.295997750332796
"parsimonious_cox",1843,-0.462321005614424,0.0261329604114637,-0.488453966025887
"parsimonious_cox",1844,-0.479656940318927,-0.102808939338416,-0.376848000980511
"parsimonious_cox",1845,-0.311458358059214,-0.0683448925729655,-0.243113465486249
"parsimonious_cox",1846,-0.334615660358925,-0.0584887899379674,-0.276126870420958
"parsimonious_cox",1847,-0.182892499402445,0.0118069607315571,-0.194699460134002
"parsimonious_cox",1848,-0.201598713072326,-0.075425783787025,-0.126172929285301
"parsimonious_cox",1849,-0.362007269868325,-0.0204726323869938,-0.341534637481332
"parsimonious_cox",1850,-0.0873682351261204,0.0619498112279106,-0.149318046354031
"parsimonious_cox",1851,-0.273321058590924,-0.00342782856322926,-0.269893230027694
"parsimonious_cox",1852,-0.253344906659913,0.0204622924329951,-0.273807199092908
"parsimonious_cox",1853,-0.296142364887501,-0.00246090492944752,-0.293681459958054
"parsimonious_cox",1854,-0.0854425136617768,-0.00100632160769591,-0.0844361920540809
"parsimonious_cox",1855,-0.332563822425045,-0.0990339472161968,-0.233529875208848
"parsimonious_cox",1856,-0.124058810962679,-0.0222639480178257,-0.101794862944853
"parsimonious_cox",1857,-0.233317149838861,-0.0444831856164773,-0.188833964222383
"parsimonious_cox",1858,-0.114346282205658,-0.0425311528022669,-0.0718151294033913
"parsimonious_cox",1859,-0.256414531223117,-0.0350700701840654,-0.221344461039052
"parsimonious_cox",1860,-0.0670499234285848,-0.153411699371001,0.0863617759424158
"parsimonious_cox",1861,-0.0732662451078872,0.0277947583707964,-0.101061003478684
"parsimonious_cox",1862,-0.499903305295616,0.000859273462755927,-0.500762578758372
"parsimonious_cox",1863,-0.342143609836856,-0.0758685382455888,-0.266275071591267
"parsimonious_cox",1864,-0.0773013854010292,-0.0504256445500485,-0.0268757408509807
"parsimonious_cox",1865,-1.06358430512352,-0.0534917549300106,-1.01009255019351
"parsimonious_cox",1866,-0.235525418983877,-0.0202623835181494,-0.215263035465727
"parsimonious_cox",1867,-0.150517106004182,-0.028695720452966,-0.121821385551216
"parsimonious_cox",1868,-0.245229630190969,-0.00784241903170041,-0.237387211159269
"parsimonious_cox",1869,-0.175639217513356,-0.0239264094485895,-0.151712808064766
"parsimonious_cox",1870,-0.2727333292259,0.00330103660393607,-0.276034365829836
"parsimonious_cox",1871,-0.153088668646818,-0.022353720617873,-0.130734948028945
"parsimonious_cox",1872,-0.356764964655919,-0.0386304871396123,-0.318134477516307
"parsimonious_cox",1873,-0.108409114468786,-0.000363954440314534,-0.108045160028471
"parsimonious_cox",1874,-0.101068693731157,0.060210098457529,-0.161278792188686
"parsimonious_cox",1875,-0.411246719067997,0.0611031723857337,-0.472349891453731
"parsimonious_cox",1876,-0.499815803931905,-0.0461244501797123,-0.453691353752193
"parsimonious_cox",1877,-0.201413055692548,0.0114240453956978,-0.212837101088246
"parsimonious_cox",1878,-0.180062692274895,-0.0556840196122967,-0.124378672662598
"parsimonious_cox",1879,-0.234887616512671,-0.0309544769637806,-0.20393313954889
"parsimonious_cox",1880,-0.335638985518319,-0.00461314482831547,-0.331025840690004
"parsimonious_cox",1881,-0.280245290750071,-0.0528403911299426,-0.227404899620128
"parsimonious_cox",1882,-0.192779735912757,-0.0317013347576783,-0.161078401155078
"parsimonious_cox",1883,-0.185482183812904,-0.0563686666036309,-0.129113517209273
"parsimonious_cox",1884,-0.0835983290811163,-0.0100331893268752,-0.0735651397542411
"parsimonious_cox",1885,-0.252027230798466,0.00158724125064431,-0.25361447204911
"parsimonious_cox",1886,-0.0768977218148138,0.00634845965349506,-0.0832461814683088
"parsimonious_cox",1887,-0.145937824690375,0.00516519599888817,-0.151103020689263
"parsimonious_cox",1888,-0.261974884185138,0.0575120980690873,-0.319486982254225
"parsimonious_cox",1889,-0.173155958316401,-0.00292649476961861,-0.170229463546782
"parsimonious_cox",1890,-0.262292867116553,0.0296771723331415,-0.291970039449695
"parsimonious_cox",1891,-0.159192808426039,0.0199616545507304,-0.17915446297677
"parsimonious_cox",1892,-0.225943651993966,0.0332315550784311,-0.259175207072397
"parsimonious_cox",1893,-0.177182680563257,-0.0333476127100438,-0.143835067853213
"parsimonious_cox",1894,-0.216740715168579,-0.020628235283366,-0.196112479885213
"parsimonious_cox",1895,-0.375657112204496,0.0119538798139524,-0.387610992018448
"parsimonious_cox",1896,-0.0821035560221288,-0.100777918928737,0.0186743629066081
"parsimonious_cox",1897,-0.202224309748473,-0.0298931820235108,-0.172331127724962
"parsimonious_cox",1898,-0.137390990267039,0.000820449053116221,-0.138211439320156
"parsimonious_cox",1899,-0.11044958955792,-0.0198431432094998,-0.0906064463484199
"parsimonious_cox",1900,-0.0860517310296336,0.00765616881799275,-0.0937078998476264
"parsimonious_cox",1901,-0.222011289725775,0.0253500960266783,-0.247361385752454
"parsimonious_cox",1902,-0.541373566301241,-0.0988628462809529,-0.442510720020288
"parsimonious_cox",1903,-0.174833706193806,0.0037041379224853,-0.178537844116291
"parsimonious_cox",1904,-0.0518748602816881,-0.0209262031428388,-0.0309486571388492
"parsimonious_cox",1905,-0.45379337573485,-0.00266076773747392,-0.451132607997376
"parsimonious_cox",1906,-0.173836976845106,0.0240899863154273,-0.197926963160533
"parsimonious_cox",1907,-0.391505152156169,-0.0259733041417504,-0.365531848014419
"parsimonious_cox",1908,-0.255155859273771,-0.133708131158082,-0.12144772811569
"parsimonious_cox",1909,-0.440803946995202,-0.0488471203781834,-0.391956826617018
"parsimonious_cox",1910,-0.103438724849857,-0.0441995862473629,-0.0592391386024938
"parsimonious_cox",1911,-0.255846998557994,-0.0357236880462987,-0.220123310511695
"parsimonious_cox",1912,-0.239410141751169,0.0835042144559335,-0.322914356207102
"parsimonious_cox",1913,-0.197955054547089,-0.0325848154670923,-0.165370239079996
"parsimonious_cox",1914,-0.477219473095902,-0.0089326738518382,-0.468286799244064
"parsimonious_cox",1915,-0.123577553064954,0.0314712118399358,-0.155048764904889
"parsimonious_cox",1916,-0.0557424578878191,0.0672424849203918,-0.122984942808211
"parsimonious_cox",1917,-0.231585203030938,0.0141497145247114,-0.245734917555649
"parsimonious_cox",1918,-0.211425434695727,0.03048793599926,-0.241913370694987
"parsimonious_cox",1919,-0.496156557700878,-0.0531682739820185,-0.44298828371886
"parsimonious_cox",1920,-0.233974386848156,-0.0372186526957769,-0.196755734152379
"parsimonious_cox",1921,-0.126667560807156,-0.069891893152493,-0.0567756676546634
"parsimonious_cox",1922,-0.249712734745289,0.00602874138565741,-0.255741476130946
"parsimonious_cox",1923,-0.217468803536677,-0.00279439290604289,-0.214674410630635
"parsimonious_cox",1924,-0.162318815804577,-0.0743061143645677,-0.0880127014400092
"parsimonious_cox",1925,-0.20902682160625,-0.0235843701694505,-0.185442451436799
"parsimonious_cox",1926,-0.236733655549722,-0.0364616785332277,-0.200271977016494
"parsimonious_cox",1927,-0.0829741985733545,0.00236339667130695,-0.0853375952446615
"parsimonious_cox",1928,-0.22294721289793,0.0156655503112564,-0.238612763209186
"parsimonious_cox",1929,-0.19816596276762,0.0264707512079137,-0.224636713975534
"parsimonious_cox",1930,-0.394940427078403,-0.0431318358924768,-0.351808591185926
"parsimonious_cox",1931,-0.359006650143935,-0.0347123058801023,-0.324294344263833
"parsimonious_cox",1932,-0.429263920156116,-0.022548666379053,-0.406715253777063
"parsimonious_cox",1933,-0.150845380405152,-0.0271071887527045,-0.123738191652448
"parsimonious_cox",1934,-0.0518374222524313,0.0184106111502657,-0.070248033402697
"parsimonious_cox",1935,-0.374041687504745,-0.001069348775283,-0.372972338729462
"parsimonious_cox",1936,-0.275660282194295,-0.0146627787659576,-0.260997503428338
"parsimonious_cox",1937,-0.122096156751408,-0.0267108058988299,-0.0953853508525785
"parsimonious_cox",1938,-0.105949319943343,-0.0123091963984577,-0.0936401235448854
"parsimonious_cox",1939,-0.186098722576939,-0.0805500495123553,-0.105548673064584
"parsimonious_cox",1940,-0.101173085713467,-0.00585611114075619,-0.0953169745727113
"parsimonious_cox",1941,-0.170342285328982,0.0143957071001783,-0.18473799242916
"parsimonious_cox",1942,-0.0932583582998561,0.0169551358675139,-0.11021349416737
"parsimonious_cox",1943,-0.258838296411196,0.0223048227472751,-0.281143119158472
"parsimonious_cox",1944,-0.34268215875463,-0.0203811750430663,-0.322300983711563
"parsimonious_cox",1945,-0.440661178720723,-0.0311207768791795,-0.409540401841544
"parsimonious_cox",1946,-0.204308215268174,-0.0536839083607987,-0.150624306907375
"parsimonious_cox",1947,-0.185194705213364,-0.0198365173400662,-0.165358187873298
"parsimonious_cox",1948,-0.250889465526637,-0.0504872960720527,-0.200402169454584
"parsimonious_cox",1949,-0.307013349033659,-0.0529426733235885,-0.25407067571007
"parsimonious_cox",1950,-0.185111824507397,-0.0471806754172557,-0.137931149090141
"parsimonious_cox",1951,-0.155199220917703,0.0265451812737029,-0.181744402191405
"parsimonious_cox",1952,-0.262200315834372,-0.0100730629083162,-0.252127252926055
"parsimonious_cox",1953,-0.138656620302247,0.000954595003604577,-0.139611215305851
"parsimonious_cox",1954,-0.16184611876735,-0.0547882360548002,-0.10705788271255
"parsimonious_cox",1955,-0.260462327540976,0.128548138011327,-0.389010465552303
"parsimonious_cox",1956,-0.158476861201123,0.0155991764228838,-0.174076037624007
"parsimonious_cox",1957,-0.204265770925031,-0.0567145713387839,-0.147551199586248
"parsimonious_cox",1958,-0.267266107117283,-0.0699833935755189,-0.197282713541764
"parsimonious_cox",1959,-0.311178331417469,-0.0487754693030055,-0.262402862114463
"parsimonious_cox",1960,-0.378745401281242,-0.0268217979951906,-0.351923603286051
"parsimonious_cox",1961,-0.369207950943756,-0.0198583847249788,-0.349349566218777
"parsimonious_cox",1962,-0.336264362682865,-0.0301508531546163,-0.306113509528249
"parsimonious_cox",1963,-0.172782768769852,0.0139745974759577,-0.186757366245809
"parsimonious_cox",1964,-0.255050915769906,-0.0239608817671584,-0.231090034002748
"parsimonious_cox",1965,-0.354660419727177,-0.027879578356892,-0.326780841370285
"parsimonious_cox",1966,-0.201677281833012,-0.0528513417008082,-0.148825940132204
"parsimonious_cox",1967,-0.0961424335472,-0.0502190209485178,-0.0459234125986822
"parsimonious_cox",1968,-0.146825543182775,0.0127427600952556,-0.15956830327803
"parsimonious_cox",1969,-0.27289189955814,-0.0748654077973407,-0.1980264917608
"parsimonious_cox",1970,-0.268313614818968,-0.0471177654334505,-0.221195849385517
"parsimonious_cox",1971,-0.401873311066969,-0.0738954608786141,-0.327977850188355
"parsimonious_cox",1972,-0.299094500551483,-0.0164439743424373,-0.282650526209046
"parsimonious_cox",1973,-0.183006973161959,0.0600028651418901,-0.243009838303849
"parsimonious_cox",1974,-0.222170250005984,-0.00382541124316103,-0.218344838762823
"parsimonious_cox",1975,-0.0152944320791576,0.0217579054875512,-0.0370523375667088
"parsimonious_cox",1976,-0.235585981490366,0.00315711643245739,-0.238743097922823
"parsimonious_cox",1977,-0.138582414160462,0.0207550085952852,-0.159337422755747
"parsimonious_cox",1978,-0.303007132704474,-0.059594765257747,-0.243412367446727
"parsimonious_cox",1979,-0.294405939155739,-0.0725457363117406,-0.221860202843999
"parsimonious_cox",1980,-0.234063909981277,-0.102813753211567,-0.13125015676971
"parsimonious_cox",1981,-0.0585261707288224,0.0426064509146096,-0.101132621643432
"parsimonious_cox",1982,-0.223403683890583,-0.00834053778933157,-0.215063146101251
"parsimonious_cox",1983,-0.0329054462464502,-0.0433269821438879,0.0104215358974377
"parsimonious_cox",1984,-0.157508623550915,-0.0193947653678549,-0.13811385818306
"parsimonious_cox",1985,-0.130309173040861,0.0073197582118972,-0.137628931252758
"parsimonious_cox",1986,-0.225149844139675,0.0369637003190536,-0.262113544458728
"parsimonious_cox",1987,-0.293283221289925,-0.0109705533926277,-0.282312667897297
"parsimonious_cox",1988,-0.15295028000095,-0.00292964740180753,-0.150020632599143
"parsimonious_cox",1989,-0.496414169966913,-0.0905569797412797,-0.405857190225633
"parsimonious_cox",1990,-0.336111532901076,-0.00703571298452187,-0.329075819916554
"parsimonious_cox",1991,-0.31212787806952,-0.0916976980147571,-0.220430180054763
"parsimonious_cox",1992,-0.191944842100458,-0.0433835301917241,-0.148561311908734
"parsimonious_cox",1993,-0.313911704365621,-0.0227450640467168,-0.291166640318904
"parsimonious_cox",1994,-0.236788872100842,-0.00678133925971195,-0.23000753284113
"parsimonious_cox",1995,-0.154487947950449,-0.0494137932974706,-0.105074154652978
"parsimonious_cox",1996,-0.295238962718304,-0.123776354367103,-0.1714626083512
"parsimonious_cox",1997,-0.232859077117683,0.00238215751503923,-0.235241234632722
"parsimonious_cox",1998,-0.320692949427459,-0.0109282293306135,-0.309764720096846
"parsimonious_cox",1999,-0.173681493095981,0.0484971581172994,-0.22217865121328
"parsimonious_cox",2000,-0.0732518918221167,0.0387733297772798,-0.112025221599397
"ridge_cox",1,-0.00253623891159619,0.00609023316239704,-0.00862647207399324
"ridge_cox",2,-0.000192856927049035,0.00880151317769111,-0.00899437010474014
"ridge_cox",3,0.00291101911862805,0.00804588053752162,-0.00513486141889357
"ridge_cox",4,-0.00505902725699007,0.00670987576366619,-0.0117689030206563
"ridge_cox",5,0.00174705578692495,0.00845048159573314,-0.0067034258088082
"ridge_cox",6,-0.00101272277072476,0.0064850350483022,-0.00749775781902696
"ridge_cox",7,0.000723545520426228,0.00781721777406617,-0.00709367225363994
"ridge_cox",8,0.00456267406993914,0.0073307382786954,-0.00276806420875626
"ridge_cox",9,0.00329943345502016,0.0078616274075474,-0.00456219395252724
"ridge_cox",10,-0.00562361952037821,0.00493235299547161,-0.0105559725158498
"ridge_cox",11,-0.00115201649189099,0.010408904235755,-0.011560920727646
"ridge_cox",12,0.00788682332272529,0.00946093998236198,-0.00157411665963669
"ridge_cox",13,-0.00328562934314736,0.00169241135952499,-0.00497804070267235
"ridge_cox",14,-0.00339043795906579,0.00885778793288342,-0.0122482258919492
"ridge_cox",15,-0.00362924321456052,0.00462186405466353,-0.00825110726922405
"ridge_cox",16,0.000871692241312953,0.00579499871347007,-0.00492330647215712
"ridge_cox",17,0.00806057682152659,0.0094884742825509,-0.00142789746102431
"ridge_cox",18,-0.00868749217871652,0.00478655038313986,-0.0134740425618564
"ridge_cox",19,-0.0101000808469425,0.00996817952844355,-0.020068260375386
"ridge_cox",20,0.00335360800239694,0.0110376949039819,-0.007684086901585
"ridge_cox",21,0.00241318696439997,0.00546623069458617,-0.0030530437301862
"ridge_cox",22,0.00226904175002143,0.00949159375129241,-0.00722255200127099
"ridge_cox",23,0.0023865513988417,0.00855817806865947,-0.00617162666981777
"ridge_cox",24,0.00455610473605029,0.00734069332177191,-0.00278458858572162
"ridge_cox",25,0.00399168246844024,0.00675164669669566,-0.00275996422825542
"ridge_cox",26,-0.00015161311448397,0.0029800140834186,-0.00313162719790257
"ridge_cox",27,0.00247727130080075,0.00418168480058521,-0.00170441349978446
"ridge_cox",28,-0.00972861103155864,0.0022409755514394,-0.011969586582998
"ridge_cox",29,-0.00391452525591734,0.00935073724179178,-0.0132652624977091
"ridge_cox",30,-0.00585550643277336,0.0105904488336972,-0.0164459552664706
"ridge_cox",31,0.00421071428701437,0.00740812707865643,-0.00319741279164207
"ridge_cox",32,-0.000669332909861388,0.00599895499198825,-0.00666828790184964
"ridge_cox",33,0.00820526375298981,0.0105622818344204,-0.00235701808143056
"ridge_cox",34,-0.00287806059244837,0.00805384436534818,-0.0109319049577966
"ridge_cox",35,-0.00140315392104949,0.00610044652582658,-0.00750360044687607
"ridge_cox",36,0.00615563980297487,0.0122534866937443,-0.00609784689076946
"ridge_cox",37,-0.00598410959301682,0.0060229221108056,-0.0120070317038224
"ridge_cox",38,-0.00212903129491893,0.0104997791061909,-0.0126288104011098
"ridge_cox",39,-0.00323347010321316,0.0047884779428372,-0.00802194804605036
"ridge_cox",40,0.00522491378293825,0.00391790223665476,0.00130701154628349
"ridge_cox",41,-0.000709662233411764,0.00246422789748132,-0.00317389013089308
"ridge_cox",42,0.000120682605979878,0.00401612914135365,-0.00389544653537377
"ridge_cox",43,0.00399659474150402,0.0107203444444838,-0.00672374970297982
"ridge_cox",44,-0.00436430983383591,0.00527140744217689,-0.0096357172760128
"ridge_cox",45,-0.00203760764579523,0.00623806439660519,-0.00827567204240042
"ridge_cox",46,0.000551621647991076,0.00887751352042826,-0.00832589187243718
"ridge_cox",47,-0.00610892314314175,0.00291052999476319,-0.00901945313790494
"ridge_cox",48,-0.00251364425968682,0.00290782575957424,-0.00542147001926106
"ridge_cox",49,-0.0033889193115041,0.00971995079585367,-0.0131088701073578
"ridge_cox",50,-0.00331136260240451,0.00583990251761149,-0.009151265120016
"ridge_cox",51,0.00114881674840577,0.00741313026635741,-0.00626431351795164
"ridge_cox",52,0.00249458362308006,0.00852972698625106,-0.006035143363171
"ridge_cox",53,0.00221415134093532,0.00670527154137178,-0.00449112020043646
"ridge_cox",54,0.000779157847485896,0.00700389919534687,-0.00622474134786098
"ridge_cox",55,0.0102771742389079,0.00988759849218619,0.000389575746721684
"ridge_cox",56,-0.00314445597479831,0.00329870807539677,-0.00644316405019508
"ridge_cox",57,0.0047488351924215,0.00788266003751494,-0.00313382484509343
"ridge_cox",58,0.00266131363788505,0.00978840783952311,-0.00712709420163806
"ridge_cox",59,0.00566917138299665,0.00590305543342975,-0.000233884050433102
"ridge_cox",60,-0.00270130058893002,0.00545731438791581,-0.00815861497684582
"ridge_cox",61,0.000552520547656098,0.00387007866172972,-0.00331755811407362
"ridge_cox",62,0.000188433415283143,0.00732451746445352,-0.00713608404917038
"ridge_cox",63,0.00511499823251371,0.00680900122920405,-0.00169400299669034
"ridge_cox",64,-0.00430407270416656,0.00611292745871674,-0.0104170001628833
"ridge_cox",65,-0.00652695854623301,0.00551636950596598,-0.012043328052199
"ridge_cox",66,-0.0044038988571058,0.00686958941844688,-0.0112734882755527
"ridge_cox",67,-0.00356077902020355,0.00470693029969911,-0.00826770931990266
"ridge_cox",68,-0.00605400738844477,0.00816171126338452,-0.0142157186518293
"ridge_cox",69,-0.00591821478363063,0.00700389256428003,-0.0129221073479107
"ridge_cox",70,0.00280334580808333,0.00573337574253577,-0.00293002993445244
"ridge_cox",71,-0.00187970694860615,0.00317888247301757,-0.00505858942162372
"ridge_cox",72,0.0016653857237196,0.00786666102703806,-0.00620127530331846
"ridge_cox",73,-0.00575358295867635,0.00776946916271981,-0.0135230521213962
"ridge_cox",74,0.00290055064149284,0.00755187661303406,-0.00465132597154122
"ridge_cox",75,-0.00255400245237438,0.0058450250713794,-0.00839902752375378
"ridge_cox",76,-0.00000442016675357055,0.00172094297378948,-0.00172536314054305
"ridge_cox",77,-0.0111169864829821,0.00457217936336874,-0.0156891658463509
"ridge_cox",78,-0.0085217351434407,0.00698977947242836,-0.0155115146158691
"ridge_cox",79,0.00337961801453548,0.00761767274316903,-0.00423805472863355
"ridge_cox",80,-0.00110933164403235,0.00283201608832646,-0.00394134773235882
"ridge_cox",81,-0.00220841141075832,0.00784269235353364,-0.010051103764292
"ridge_cox",82,0.00869415709154698,0.00898176112763377,-0.00028760403608679
"ridge_cox",83,0.000193371328502943,0.00983141498459116,-0.00963804365608822
"ridge_cox",84,0.00549804055484276,0.0121794250616833,-0.00668138450684057
"ridge_cox",85,-0.00320198537755286,0.00988380012294107,-0.0130857855004939
"ridge_cox",86,-0.00680500713086758,0.00605057795301462,-0.0128555850838822
"ridge_cox",87,0.00385240917126052,0.00617299939524799,-0.00232059022398747
"ridge_cox",88,0.00091606561848646,0.0101562071355508,-0.00924014151706432
"ridge_cox",89,-0.0020444068044749,0.00555542811940863,-0.00759983492388354
"ridge_cox",90,-0.00527661935713814,0.00599152770130149,-0.0112681470584396
"ridge_cox",91,0.00102432133523611,0.00769035864253873,-0.00666603730730262
"ridge_cox",92,-0.0050970621940023,0.00822363434975739,-0.0133206965437597
"ridge_cox",93,-0.000780689625948966,0.00442878050878983,-0.0052094701347388
"ridge_cox",94,-0.00516974771897162,0.00569158407762049,-0.0108613317965921
"ridge_cox",95,-0.00178722661103637,0.00357324535555887,-0.00536047196659524
"ridge_cox",96,0.00558353106849997,0.00444139137759657,0.0011421396909034
"ridge_cox",97,0.00292731764104589,0.00781377326227644,-0.00488645562123055
"ridge_cox",98,-0.00330542147757132,0.00712341004696553,-0.0104288315245369
"ridge_cox",99,-0.00180568714224416,0.00101705991243979,-0.00282274705468395
"ridge_cox",100,-0.00683359707272374,0.00901916526229016,-0.0158527623350139
"ridge_cox",101,-0.00958253606715317,0.00864746027169666,-0.0182299963388498
"ridge_cox",102,-0.00263919389644373,0.00709472178851972,-0.00973391568496345
"ridge_cox",103,0.0059353459940278,0.0102629941701317,-0.00432764817610393
"ridge_cox",104,-0.00344008355613609,0.00928658179003938,-0.0127266653461755
"ridge_cox",105,0.00377459949114376,0.00800288624722971,-0.00422828675608595
"ridge_cox",106,0.00091348947670167,0.00576013843908235,-0.00484664896238068
"ridge_cox",107,-0.00410515021632025,0.00770293683079342,-0.0118080870471137
"ridge_cox",108,0.00751356100434144,0.00623731315852532,0.00127624784581611
"ridge_cox",109,-0.00593164413683836,0.00726919061193734,-0.0132008347487757
"ridge_cox",110,0.00389904621941424,0.00852481740281767,-0.00462577118340344
"ridge_cox",111,-0.00228607400469767,0.00722442768476881,-0.00951050168946648
"ridge_cox",112,-0.0056174586548353,0.00738191605280878,-0.0129993747076441
"ridge_cox",113,0.000685172416744081,0.00697816714855154,-0.00629299473180746
"ridge_cox",114,0.000939504037395403,0.00988120247248468,-0.00894169843508927
"ridge_cox",115,-0.00264957066112687,0.00608444623622486,-0.00873401689735173
"ridge_cox",116,-0.0048701045755978,0.00899572288258403,-0.0138658274581818
"ridge_cox",117,0.00177155324762425,0.00779129547832727,-0.00601974223070302
"ridge_cox",118,-0.00284174443048343,0.0109062766735962,-0.0137480211040796
"ridge_cox",119,0.00232833346838037,0.004312732031705,-0.00198439856332464
"ridge_cox",120,-0.00792128687910517,0.00295684771537984,-0.010878134594485
"ridge_cox",121,-0.00588239407266161,0.00820388459775378,-0.0140862786704154
"ridge_cox",122,0.00133326366854852,0.00544877136137507,-0.00411550769282655
"ridge_cox",123,0.00424559594701679,0.00761717566418334,-0.00337157971716655
"ridge_cox",124,0.00309909285607162,0.00425806802578599,-0.00115897516971437
"ridge_cox",125,0.000820195314304392,0.00354110703706725,-0.00272091172276286
"ridge_cox",126,0.00667127532622206,0.0088187190021795,-0.00214744367595743
"ridge_cox",127,-0.0164796268475623,0.0107717421729731,-0.0272513690205353
"ridge_cox",128,-0.00745959655792177,0.0080255598971076,-0.0154851564550294
"ridge_cox",129,-0.00473816941802632,0.00576536951925201,-0.0105035389372783
"ridge_cox",130,-0.00502392467715079,0.00457573514883485,-0.00959965982598564
"ridge_cox",131,0.00326804966146701,0.0117068946406218,-0.00843884497915478
"ridge_cox",132,0.000512022939704961,0.0103623961704784,-0.00985037323077343
"ridge_cox",133,-0.00125955912411696,0.00710917347699224,-0.0083687326011092
"ridge_cox",134,-0.00244299513969589,0.011978463589673,-0.0144214587293689
"ridge_cox",135,-0.0132081447651603,0.00529857223619187,-0.0185067170013521
"ridge_cox",136,-0.00225314573242921,0.00665559242020921,-0.00890873815263842
"ridge_cox",137,-0.00587883770111931,0.00610960445995916,-0.0119884421610785
"ridge_cox",138,-0.000889972053118664,0.00656852450856358,-0.00745849656168224
"ridge_cox",139,0.0080317054807072,0.0080486971842632,-0.0000169917035559991
"ridge_cox",140,-0.000499570344951665,0.00641738387394679,-0.00691695421889846
"ridge_cox",141,-0.00507527270755886,0.007301199507997,-0.0123764722155559
"ridge_cox",142,-0.00500587773542256,0.00501507820624198,-0.0100209559416645
"ridge_cox",143,0.00094797281948905,0.00552382096009988,-0.00457584814061083
"ridge_cox",144,-0.00127181656224829,0.00552882970012166,-0.00680064626236995
"ridge_cox",145,0.000884484130999539,0.00281290281705778,-0.00192841868605824
"ridge_cox",146,-0.000740406143819112,0.0117404687805764,-0.0124808749243955
"ridge_cox",147,-0.00382212301923119,0.00707051439533195,-0.0108926374145631
"ridge_cox",148,0.00334591989679285,0.00828574095583178,-0.00493982105903892
"ridge_cox",149,-0.00374241562333591,0.0104152318431834,-0.0141576474665193
"ridge_cox",150,-0.00180141883923995,0.0051296422301123,-0.00693106106935225
"ridge_cox",151,-0.00598568833936249,0.00665847731142047,-0.012644165650783
"ridge_cox",152,-0.00591515803020645,-0.000760264153541966,-0.00515489387666448
"ridge_cox",153,0.00621536880075976,0.00791054357262573,-0.00169517477186597
"ridge_cox",154,0.00250707675236688,0.005067962650271,-0.00256088589790412
"ridge_cox",155,-0.00426217531577247,0.00981132607130984,-0.0140735013870823
"ridge_cox",156,-0.00463900450369377,0.00932354489733702,-0.0139625494010308
"ridge_cox",157,-0.00260254974420856,0.00574351311191561,-0.00834606285612416
"ridge_cox",158,-0.00508106708604574,0.00401579846795526,-0.00909686555400099
"ridge_cox",159,-0.00228302928214728,0.00720788567020406,-0.00949091495235134
"ridge_cox",160,-0.00402748095607692,0.00763526071524843,-0.0116627416713254
"ridge_cox",161,0.00222152934219379,0.00649625683932572,-0.00427472749713194
"ridge_cox",162,-0.00161443247224132,0.00528184538846675,-0.00689627786070808
"ridge_cox",163,-0.00859938763423466,0.00116409387479181,-0.00976348150902646
"ridge_cox",164,0.00292909089236751,0.00510794502891695,-0.00217885413654944
"ridge_cox",165,-0.00603231344093454,0.00876179522974195,-0.0147941086706765
"ridge_cox",166,0.000633540117250046,0.00904884396713851,-0.00841530384988847
"ridge_cox",167,-0.00563271789756806,0.00407439413126714,-0.0097071120288352
"ridge_cox",168,-0.0113368432571823,0.00453463124840732,-0.0158714745055896
"ridge_cox",169,0.00486803075071248,0.00761754858946604,-0.00274951783875356
"ridge_cox",170,-0.00390344899248699,0.00363820172067197,-0.00754165071315896
"ridge_cox",171,-0.00455821472360878,0.0075302095943668,-0.0120884243179756
"ridge_cox",172,0.000180110648930274,0.00706360210795709,-0.00688349145902682
"ridge_cox",173,0.00176072406111863,0.0110828050581083,-0.00932208099698966
"ridge_cox",174,-0.00151273447135682,0.00704306723044503,-0.00855580170180185
"ridge_cox",175,-0.00742132249410556,0.00468240560928317,-0.0121037281033887
"ridge_cox",176,-0.00515516909186349,0.00633686270013813,-0.0114920317920016
"ridge_cox",177,-0.00252891171306446,0.00757161612418497,-0.0101005278372494
"ridge_cox",178,0.00342132928399244,0.00278438683898586,0.00063694244500658
"ridge_cox",179,-0.000428706187284694,0.00652719875667036,-0.00695590494395505
"ridge_cox",180,0.00372075200374859,0.00414497674205984,-0.000424224738311256
"ridge_cox",181,-0.000231690794077666,0.0100672151668325,-0.0102989059609102
"ridge_cox",182,-0.00187247395702617,0.00588087928358808,-0.00775335324061425
"ridge_cox",183,-0.00727308393279288,0.00719377672612992,-0.0144668606589228
"ridge_cox",184,-0.00254143809309797,0.00640431203238438,-0.00894575012548236
"ridge_cox",185,-0.00123537479435758,0.00385600549882412,-0.0050913802931817
"ridge_cox",186,0.00125549907625036,0.0103796391447771,-0.00912414006852672
"ridge_cox",187,-0.00193148636767283,0.00982952619068559,-0.0117610125583584
"ridge_cox",188,0.00187993931087942,0.00319781510605134,-0.00131787579517192
"ridge_cox",189,-0.00100397718629891,0.00101942264913633,-0.00202339983543524
"ridge_cox",190,0.00199562604751471,0.00606053331450077,-0.00406490726698606
"ridge_cox",191,0.00367549540341908,0.00932155019667967,-0.00564605479326059
"ridge_cox",192,0.0106892520302673,0.0106640271544718,0.000025224875795489
"ridge_cox",193,-0.00300178756230487,0.00102197296406807,-0.00402376052637294
"ridge_cox",194,-0.0117214641135939,0.00529026759886943,-0.0170117317124634
"ridge_cox",195,-0.00635166043617904,0.00445731857620544,-0.0108089790123845
"ridge_cox",196,-0.00205591676121166,0.00626551115061932,-0.00832142791183098
"ridge_cox",197,-0.00182971692742433,0.00799407749509689,-0.00982379442252123
"ridge_cox",198,-0.00419549781315029,0.00747003147390937,-0.0116655292870597
"ridge_cox",199,-0.00434803579136016,0.00229464261687688,-0.00664267840823704
"ridge_cox",200,0.00454139763957876,0.00617481282195343,-0.00163341518237468
"ridge_cox",201,-0.00281583346118565,0.00951623465134732,-0.012332068112533
"ridge_cox",202,0.00373819031157422,0.00843173273435052,-0.0046935424227763
"ridge_cox",203,-0.00556779566390476,0.00549233956424242,-0.0110601352281472
"ridge_cox",204,-0.000382383083977647,0.0067351975192973,-0.00711758060327494
"ridge_cox",205,0.00124791725327658,0.00791251536156699,-0.00666459810829041
"ridge_cox",206,0.00683275183148639,0.00558746500784298,0.00124528682364341
"ridge_cox",207,-0.0109690661314961,0.00991600629757894,-0.020885072429075
"ridge_cox",208,-0.00251903986283418,0.00921863023094261,-0.0117376700937768
"ridge_cox",209,0.00637587500463439,0.00885323009288254,-0.00247735508824815
"ridge_cox",210,0.00371550391615038,0.00970925136871158,-0.00599374745256121
"ridge_cox",211,0.00854435531323273,0.0127945984467531,-0.0042502431335204
"ridge_cox",212,-0.00383975283596271,0.00762917135600812,-0.0114689241919708
"ridge_cox",213,0.00740818736967099,0.00932103665495213,-0.00191284928528114
"ridge_cox",214,-0.00687680129680284,0.00589609938045166,-0.0127729006772545
"ridge_cox",215,-0.00305467124786895,0.00561433564918228,-0.00866900689705123
"ridge_cox",216,-0.000811012972952721,0.0076273791066987,-0.00843839207965142
"ridge_cox",217,-0.0033284589154461,0.00639167148634272,-0.00972013040178882
"ridge_cox",218,-0.00248777505910535,0.00388184670365066,-0.00636962176275601
"ridge_cox",219,-0.00505666493733563,0.00643324541072886,-0.0114899103480645
"ridge_cox",220,-0.00295199946484288,0.00774488114448128,-0.0106968806093242
"ridge_cox",221,-0.0112341129382687,0.00536229918711971,-0.0165964121253884
"ridge_cox",222,-0.00342872114240509,0.0032185535751984,-0.0066472747176035
"ridge_cox",223,0.0102169239232579,0.00813985682050199,0.00207706710275591
"ridge_cox",224,-0.00372485029874091,0.00427896176354532,-0.00800381206228623
"ridge_cox",225,-0.00307946690403554,0.00931835765946819,-0.0123978245635037
"ridge_cox",226,0.00903431411520311,0.00924638542665703,-0.000212071311453925
"ridge_cox",227,-0.00322444015983578,0.00635542879827253,-0.00957986895810831
"ridge_cox",228,-0.00855800904919014,0.00782401413427556,-0.0163820231834657
"ridge_cox",229,0.00737847580939937,0.00853009352011496,-0.00115161771071559
"ridge_cox",230,-0.00926366405967915,0.00223659970432026,-0.0115002637639994
"ridge_cox",231,-0.00438924812004161,0.00457164549192525,-0.00896089361196686
"ridge_cox",232,0.00116371691481654,0.00470927864956838,-0.00354556173475184
"ridge_cox",233,-0.0075337821173515,0.00681751972493461,-0.0143513018422861
"ridge_cox",234,-0.000932808421009595,0.00743247067992476,-0.00836527910093435
"ridge_cox",235,0.00133736273528291,0.00888395035466873,-0.00754658761938582
"ridge_cox",236,0.00646421635018289,0.00801696127545385,-0.00155274492527096
"ridge_cox",237,0.00300394132359094,0.00797107087912103,-0.00496712955553009
"ridge_cox",238,0.00378859145249732,0.00851468476522791,-0.0047260933127306
"ridge_cox",239,0.00438578253077111,0.00774378711536503,-0.00335800458459393
"ridge_cox",240,-0.00541876163101087,0.00286967674367118,-0.00828843837468206
"ridge_cox",241,-0.00880860871224549,0.00668695675829779,-0.0154955654705433
"ridge_cox",242,-0.00540256744827504,0.00795211658279702,-0.0133546840310721
"ridge_cox",243,-0.00859768254425746,0.00688434811700618,-0.0154820306612636
"ridge_cox",244,-0.00771306344816506,0.00356278808469577,-0.0112758515328608
"ridge_cox",245,-0.0067706461606489,0.00870132803973314,-0.015471974200382
"ridge_cox",246,0.00271640380100698,0.008422146642318,-0.00570574284131102
"ridge_cox",247,-0.00165960666660845,0.0076792297421241,-0.00933883640873256
"ridge_cox",248,0.0093739471298205,0.0100138323530718,-0.000639885223251268
"ridge_cox",249,-0.00782119080306571,0.000301852582900691,-0.0081230433859664
"ridge_cox",250,-0.00214755388772166,0.00699704594559532,-0.00914459983331698
"ridge_cox",251,-0.00615913650417457,0.00452495735572255,-0.0106840938598971
"ridge_cox",252,-0.00539965908153374,0.00502190039830475,-0.0104215594798385
"ridge_cox",253,0.00400452799809477,0.00921538515411497,-0.00521085715602019
"ridge_cox",254,-0.000102031807442917,0.00309226475308746,-0.00319429656053038
"ridge_cox",255,-0.00795244450471967,0.00700491852859436,-0.014957363033314
"ridge_cox",256,-0.000512087810840856,0.00510812544680792,-0.00562021325764878
"ridge_cox",257,-0.00556854789926252,0.00584640900105214,-0.0114149569003147
"ridge_cox",258,-0.00643045109944097,0.00656141320161714,-0.0129918643010581
"ridge_cox",259,-0.00758416946109975,0.00383910613528531,-0.0114232755963851
"ridge_cox",260,-0.00124586272622612,0.0103614384707312,-0.0116073011969574
"ridge_cox",261,0.0104944651521406,0.00973361609380454,0.000760849058336096
"ridge_cox",262,0.00566149804439548,0.00704266498056504,-0.00138116693616956
"ridge_cox",263,-0.00496006263518785,0.00682481460739809,-0.0117848772425859
"ridge_cox",264,0.00347013252300961,0.00516071588499222,-0.00169058336198261
"ridge_cox",265,0.003879792140693,0.00664669949357187,-0.00276690735287888
"ridge_cox",266,-0.00363295260504034,0.00467963613738247,-0.0083125887424228
"ridge_cox",267,0.0124525061577874,0.00793113700871312,0.0045213691490743
"ridge_cox",268,-0.00094535639696366,0.00655180095554848,-0.00749715735251214
"ridge_cox",269,0.00885402678151608,0.00890151575594921,-0.0000474889744331297
"ridge_cox",270,-0.00260176461553622,0.00473537566270552,-0.00733714027824174
"ridge_cox",271,0.00269948819594991,0.00804143114286559,-0.00534194294691567
"ridge_cox",272,0.00402131933682323,0.00651555043088998,-0.00249423109406676
"ridge_cox",273,-0.00762472642072909,0.00547754274079647,-0.0131022691615256
"ridge_cox",274,0.0027525337954258,0.000369426834597666,0.00238310696082813
"ridge_cox",275,-0.00291470873612699,0.00511945853741451,-0.0080341672735415
"ridge_cox",276,0.00136870749413821,0.00639583471248353,-0.00502712721834532
"ridge_cox",277,-0.00585850715694549,0.00495020648618909,-0.0108087136431346
"ridge_cox",278,-0.00271312572109936,0.00759409504231488,-0.0103072207634142
"ridge_cox",279,-0.00052460074861719,0.0136737796483142,-0.0141983803969314
"ridge_cox",280,0.00202638012873301,0.0067662695361189,-0.00473988940738589
"ridge_cox",281,-0.00332711868525914,0.00819107683237307,-0.0115181955176322
"ridge_cox",282,-0.00659566725058091,0.00845044641792112,-0.015046113668502
"ridge_cox",283,0.00626640385868338,0.00987068668538042,-0.00360428282669704
"ridge_cox",284,-0.00193840053299406,0.00811317146605658,-0.0100515719990506
"ridge_cox",285,-0.00639267402391584,0.00762207754723238,-0.0140147515711482
"ridge_cox",286,-0.00606422788027166,0.00655608482292081,-0.0126203127031925
"ridge_cox",287,0.00442068573647742,0.00246994918872512,0.0019507365477523
"ridge_cox",288,-0.010751951621341,0.0102314408601699,-0.0209833924815109
"ridge_cox",289,-0.00379832319460572,0.00379236651219379,-0.00759068970679952
"ridge_cox",290,0.000461362630595379,0.00808465923591328,-0.0076232966053179
"ridge_cox",291,-0.0142124645654851,0.00333628046558212,-0.0175487450310673
"ridge_cox",292,-0.00159777885723321,0.00665822320787532,-0.00825600206510854
"ridge_cox",293,0.000862447100927338,0.00612125329629254,-0.0052588061953652
"ridge_cox",294,0.00450846551504267,0.00711614777655154,-0.00260768226150887
"ridge_cox",295,0.00136844785119381,0.00232791991635572,-0.00095947206516191
"ridge_cox",296,0.00341302633633167,0.00894891051017333,-0.00553588417384166
"ridge_cox",297,-0.00470894670083282,0.00412261386187943,-0.00883156056271226
"ridge_cox",298,0.00599130907419442,0.0116033026358092,-0.00561199356161483
"ridge_cox",299,-0.0000253540447717722,0.00751903386358713,-0.00754438790835891
"ridge_cox",300,0.00332924663960846,0.00869424525431418,-0.00536499861470571
"ridge_cox",301,0.00154103054628148,0.00226447592193062,-0.000723445375649139
"ridge_cox",302,-0.0135847916333295,0.00501563416302163,-0.0186004257963512
"ridge_cox",303,-0.00560899944095821,0.00471426793147158,-0.0103232673724298
"ridge_cox",304,-0.0020999019467545,0.00278370711160609,-0.00488360905836058
"ridge_cox",305,-0.00100131493559729,0.0100437423403017,-0.011045057275899
"ridge_cox",306,-0.00740529432717845,0.00634720941688394,-0.0137525037440624
"ridge_cox",307,0.000963783564387551,0.00654015921525032,-0.00557637565086277
"ridge_cox",308,0.00357268041756146,0.00820536296583482,-0.00463268254827337
"ridge_cox",309,-0.00192437191430325,0.00812609790499705,-0.0100504698193003
"ridge_cox",310,-0.000152191043152317,0.00661805215266864,-0.00677024319582095
"ridge_cox",311,0.00172350878969796,0.00628963398363744,-0.00456612519393949
"ridge_cox",312,-0.004761841734169,0.00531971468136674,-0.0100815564155357
"ridge_cox",313,-0.000406987021011895,0.00977523801721553,-0.0101822250382274
"ridge_cox",314,0.000725491114743477,0.00876044873246062,-0.00803495761771714
"ridge_cox",315,0.00721545899127231,0.00839372855757132,-0.001178269566299
"ridge_cox",316,-0.00340076375475448,0.0046288934974861,-0.00802965725224057
"ridge_cox",317,0.0049302886460344,0.00533120856411716,-0.00040091991808276
"ridge_cox",318,-0.00365029975623663,0.00493881368862511,-0.00858911344486175
"ridge_cox",319,-0.00491563779005853,0.00455493576999065,-0.00947057356004919
"ridge_cox",320,-0.000146376778574846,0.0130464621577684,-0.0131928389363433
"ridge_cox",321,-0.00360833897741681,0.00759810190679492,-0.0112064408842117
"ridge_cox",322,-0.00199758163179407,0.00796546717310215,-0.00996304880489622
"ridge_cox",323,-0.00472091262126054,0.0047116816948523,-0.00943259431611284
"ridge_cox",324,-0.00292062996363218,0.00451491414396946,-0.00743554410760165
"ridge_cox",325,0.001191007654617,0.00397821714728403,-0.00278720949266703
"ridge_cox",326,-0.00530634756553055,0.00344108680940649,-0.00874743437493704
"ridge_cox",327,-0.0117805676066766,0.00534265352181348,-0.01712322112849
"ridge_cox",328,-0.00388224701956326,0.00554249394023737,-0.00942474095980063
"ridge_cox",329,-0.00441298315033402,0.00957167426443372,-0.0139846574147677
"ridge_cox",330,-0.00075251179372443,0.00787096742744373,-0.00862347922116815
"ridge_cox",331,-0.00485895759191704,0.00669622635648817,-0.0115551839484052
"ridge_cox",332,-0.00573392159820292,0.00308960798620351,-0.00882352958440643
"ridge_cox",333,0.00508292699179326,0.00934131395794605,-0.00425838696615279
"ridge_cox",334,-0.00149118752981744,0.00707570072325215,-0.00856688825306959
"ridge_cox",335,-0.000888423886117318,0.00395717343290904,-0.00484559731902636
"ridge_cox",336,-0.00609118821443265,0.00546679437029781,-0.0115579825847305
"ridge_cox",337,-0.00545238152047928,0.00297118854111305,-0.00842357006159233
"ridge_cox",338,0.012318559587537,0.00948033221768322,0.00283822736985383
"ridge_cox",339,0.0061629799107054,0.00991408004504342,-0.00375110013433802
"ridge_cox",340,-0.000579073375111122,0.00577510945086724,-0.00635418282597836
"ridge_cox",341,0.0000273158852720584,0.00859051569669667,-0.00856319981142461
"ridge_cox",342,-0.00209059238106419,0.00518433313537868,-0.00727492551644286
"ridge_cox",343,-0.00257877414724185,0.00534646138453032,-0.00792523553177217
"ridge_cox",344,0.00950496374554502,0.00683884782917068,0.00266611591637434
"ridge_cox",345,0.001037899800908,0.00572750070170198,-0.00468960090079398
"ridge_cox",346,-0.0129668918515654,0.0058446155658185,-0.0188115074173839
"ridge_cox",347,-0.00384615826740537,0.00465771360812022,-0.00850387187552559
"ridge_cox",348,-0.0133332869735976,0.00389583540655453,-0.0172291223801521
"ridge_cox",349,-0.0036963016593736,0.00490468587047828,-0.00860098752985188
"ridge_cox",350,0.000819806479523783,0.00472884186066494,-0.00390903538114116
"ridge_cox",351,-0.00666071508495157,0.00832479265494196,-0.0149855077398935
"ridge_cox",352,-0.00316259774112323,0.00915782641190524,-0.0123204241530285
"ridge_cox",353,0.00303484617681694,0.00904628618520409,-0.00601144000838715
"ridge_cox",354,-0.00303149346027935,0.000792989896030486,-0.00382448335630984
"ridge_cox",355,-0.00519721676059965,0.00430508568693154,-0.00950230244753119
"ridge_cox",356,-0.00259092510921642,0.00631599994604078,-0.00890692505525719
"ridge_cox",357,-0.00630875565703093,0.00985940493539535,-0.0161681605924263
"ridge_cox",358,0.000579763136436801,0.00875083573167761,-0.0081710725952408
"ridge_cox",359,-0.00230459930010308,0.00418581775496721,-0.00649041705507028
"ridge_cox",360,0.00727178993206631,0.00747511978238438,-0.00020332985031807
"ridge_cox",361,-0.00189171962545805,0.00335287216686006,-0.00524459179231811
"ridge_cox",362,0.00126719467380698,0.00948400999420858,-0.0082168153204016
"ridge_cox",363,-0.00649001319596479,0.00826692342411308,-0.0147569366200779
"ridge_cox",364,0.000648040931437566,0.00822279804948609,-0.00757475711804852
"ridge_cox",365,-0.00712889118633076,0.00542187335029721,-0.012550764536628
"ridge_cox",366,-0.00813919216317804,0.00648267636660616,-0.0146218685297842
"ridge_cox",367,-0.0067086448855192,0.00908355598646978,-0.015792200871989
"ridge_cox",368,0.00527430985610993,0.00401270549290762,0.00126160436320231
"ridge_cox",369,0.00658581641752683,0.00733198344501011,-0.000746167027483287
"ridge_cox",370,0.000477960090723414,0.00810739794634785,-0.00762943785562444
"ridge_cox",371,-0.00170705855109117,0.00444572151474637,-0.00615278006583754
"ridge_cox",372,-0.0119315105323338,0.00464726127600944,-0.0165787718083432
"ridge_cox",373,-0.000198096798476119,0.00561087352083187,-0.00580897031930799
"ridge_cox",374,-0.00215798309671217,0.00871884464082222,-0.0108768277375344
"ridge_cox",375,-0.00952912838881205,0.00356261913547483,-0.0130917475242869
"ridge_cox",376,0.000420904358414167,0.0115837103525458,-0.0111628059941317
"ridge_cox",377,0.0022403956119762,0.0112026476569533,-0.0089622520449771
"ridge_cox",378,0.00404354826573665,0.00384006059207233,0.000203487673664318
"ridge_cox",379,0.00130019188571524,0.00591545209715249,-0.00461526021143725
"ridge_cox",380,0.00471184908582297,0.011205113268805,-0.00649326418298202
"ridge_cox",381,-0.00719749766620214,0.000704224842258366,-0.00790172250846051
"ridge_cox",382,-0.00179659759681955,0.00817734892905321,-0.00997394652587276
"ridge_cox",383,-0.0012074989819188,0.0063187332747725,-0.0075262322566913
"ridge_cox",384,0.00441581216466602,0.00397623970487051,0.000439572459795514
"ridge_cox",385,-0.00391709859167475,0.00918763356044913,-0.0131047321521239
"ridge_cox",386,0.000214435902807172,0.00332273765795728,-0.00310830175515011
"ridge_cox",387,0.00485201291993054,0.00757930508024281,-0.00272729216031228
"ridge_cox",388,-0.00470863267206873,0.00622543922044533,-0.0109340718925141
"ridge_cox",389,0.00126262928468244,0.0071849485669811,-0.00592231928229866
"ridge_cox",390,-0.000919117251328632,0.00322770790559202,-0.00414682515692065
"ridge_cox",391,-0.0117652416191114,0.00412451349484506,-0.0158897551139564
"ridge_cox",392,-0.00652369276146217,0.00498947630475244,-0.0115131690662146
"ridge_cox",393,-0.00544383421314048,0.00729682832478428,-0.0127406625379248
"ridge_cox",394,-0.00114692735708022,0.0054172493310225,-0.00656417668810272
"ridge_cox",395,-0.00528365265874559,0.0089434741138591,-0.0142271267726047
"ridge_cox",396,-0.00683405720128599,0.00693359231090744,-0.0137676495121934
"ridge_cox",397,0.00644521314013701,0.00648783498684633,-0.0000426218467093195
"ridge_cox",398,-0.00296870818328181,0.00300684931908156,-0.00597555750236337
"ridge_cox",399,0.000723603776387772,0.00742076921360847,-0.0066971654372207
"ridge_cox",400,-0.00467802445101643,0.00769847931525969,-0.0123765037662761
"ridge_cox",401,-0.00063117488411079,0.00656629488207249,-0.00719746976618328
"ridge_cox",402,-0.0023181505126006,0.00921783152505698,-0.0115359820376576
"ridge_cox",403,0.00437504845673888,0.010296695385883,-0.00592164692914412
"ridge_cox",404,0.00306183789150933,0.00970870405079951,-0.00664686615929018
"ridge_cox",405,-0.00349396920324658,0.00672058588063067,-0.0102145550838773
"ridge_cox",406,0.00531937077797041,0.0086380160110676,-0.00331864523309718
"ridge_cox",407,-0.00149152191995593,0.00325518208073233,-0.00474670400068827
"ridge_cox",408,0.00954077226564284,0.00860672257461533,0.000934049691027507
"ridge_cox",409,-0.000708127812505454,0.00851008932681056,-0.00921821713931601
"ridge_cox",410,-0.00916415163003014,0.00180238097133751,-0.0109665326013676
"ridge_cox",411,-0.000485296994183006,0.00673427147840315,-0.00721956847258616
"ridge_cox",412,0.00627930664374759,0.00678950812198914,-0.000510201478241549
"ridge_cox",413,-0.00666947536189295,0.00628870104575132,-0.0129581764076443
"ridge_cox",414,-0.00153167204702004,0.00809691669353756,-0.0096285887405576
"ridge_cox",415,-0.00571192285795055,0.00545359459720452,-0.0111655174551551
"ridge_cox",416,0.00115034817865832,0.00665735316318823,-0.00550700498452991
"ridge_cox",417,-0.0118132155538617,0.00298524731356006,-0.0147984628674217
"ridge_cox",418,0.00051770233250594,0.00657167770819046,-0.00605397537568452
"ridge_cox",419,0.00620572735863561,0.00623432026871561,-0.0000285929100800001
"ridge_cox",420,-0.0154378816362883,0.000577840750674345,-0.0160157223869627
"ridge_cox",421,-0.0067597139126186,0.00985634331270343,-0.016616057225322
"ridge_cox",422,-0.00366869024653269,0.00799881710867902,-0.0116675073552117
"ridge_cox",423,0.00215164844964451,0.00451393444213205,-0.00236228599248754
"ridge_cox",424,-0.0102172286431158,0.00870416408879013,-0.0189213927319059
"ridge_cox",425,0.00507290254006371,0.00869531459757399,-0.00362241205751028
"ridge_cox",426,-0.0064741898593441,0.00346264270392289,-0.00993683256326699
"ridge_cox",427,-0.0116860218131043,0.00519805220128724,-0.0168840740143916
"ridge_cox",428,-0.00276444669507394,0.00585696593343513,-0.00862141262850907
"ridge_cox",429,-0.00439714774530066,0.00236802525270077,-0.00676517299800143
"ridge_cox",430,-0.000712647743916411,0.00423510561474886,-0.00494775335866527
"ridge_cox",431,0.00186495604658757,0.00480536185455282,-0.00294040580796524
"ridge_cox",432,-0.000472511779990845,0.000995216648270583,-0.00146772842826143
"ridge_cox",433,-0.00444535981087563,0.00729437704427019,-0.0117397368551458
"ridge_cox",434,0.00420598842286228,0.00959658893982596,-0.00539060051696368
"ridge_cox",435,-0.00132852900290808,0.00738875718147692,-0.008717286184385
"ridge_cox",436,-0.00524520856820328,0.00673182798210415,-0.0119770365503074
"ridge_cox",437,0.000776926861430711,0.00607856899961335,-0.00530164213818264
"ridge_cox",438,-0.0082549715382504,0.00193953169559894,-0.0101945032338493
"ridge_cox",439,-0.00665936768347266,0.00452610217855253,-0.0111854698620252
"ridge_cox",440,-0.00399388782385939,0.00801771517729459,-0.012011603001154
"ridge_cox",441,0.0022574676375228,0.00741924175718988,-0.00516177411966708
"ridge_cox",442,0.00203104312398498,0.00468167372811379,-0.0026506306041288
"ridge_cox",443,0.00125445267832795,0.00669341668424113,-0.00543896400591319
"ridge_cox",444,-0.0002699656810847,0.00864213972517356,-0.00891210540625826
"ridge_cox",445,0.0078855925601159,0.00769274963306342,0.000192842927052486
"ridge_cox",446,-0.00422228048513812,0.00378196578622112,-0.00800424627135924
"ridge_cox",447,-0.00294296038634539,0.00664845541588559,-0.00959141580223098
"ridge_cox",448,-0.00573645767167238,0.00627583925249979,-0.0120122969241722
"ridge_cox",449,-0.0136230935273118,0.00559395145130608,-0.0192170449786179
"ridge_cox",450,-0.00262553708750677,0.00566787070082908,-0.00829340778833586
"ridge_cox",451,-0.00285012345861091,0.00957971079798645,-0.0124298342565974
"ridge_cox",452,-0.00748808233292802,0.00678074175613698,-0.014268824089065
"ridge_cox",453,-0.00385460770984487,0.00493365784011572,-0.00878826554996059
"ridge_cox",454,0.00149971216917836,0.00900240274526081,-0.00750269057608246
"ridge_cox",455,0.00244313885624159,0.0041525908319244,-0.0017094519756828
"ridge_cox",456,-0.00474071091922651,0.00588087364173853,-0.010621584560965
"ridge_cox",457,-0.00796631183531346,0.00583340423365986,-0.0137997160689733
"ridge_cox",458,-0.00963808692807768,0.00822065039128217,-0.0178587373193598
"ridge_cox",459,0.00262530593818001,0.00735540758982912,-0.0047301016516491
"ridge_cox",460,0.00306474863771021,0.00856587949208673,-0.00550113085437652
"ridge_cox",461,0.000478305292398008,0.00893915380769845,-0.00846084851530044
"ridge_cox",462,0.0012348068753675,0.0108746243898393,-0.00963981751447178
"ridge_cox",463,0.000153002499841337,0.0105964012058188,-0.0104433987059775
"ridge_cox",464,0.00914962014658635,0.00699769370135582,0.00215192644523054
"ridge_cox",465,-0.0102004380863845,0.00504382512980181,-0.0152442632161863
"ridge_cox",466,0.00550266286527697,0.0092555036335514,-0.00375284076827443
"ridge_cox",467,0.00539820803918911,0.00981753855475227,-0.00441933051556317
"ridge_cox",468,0.00705658938129326,0.00826004302201569,-0.00120345364072242
"ridge_cox",469,-0.00252410923664563,0.00441898416442186,-0.00694309340106749
"ridge_cox",470,0.0019966053980154,0.00721170495848685,-0.00521509956047145
"ridge_cox",471,0.00200468883820061,0.00793308792982597,-0.00592839909162536
"ridge_cox",472,0.00398641456876099,0.00377422218479128,0.00021219238396971
"ridge_cox",473,0.00687791788655938,0.00663610053529809,0.000241817351261291
"ridge_cox",474,-0.000812911748715644,0.00732301870367547,-0.00813593045239111
"ridge_cox",475,-0.00215917917159218,0.00711928631487105,-0.00927846548646323
"ridge_cox",476,0.00391931375268209,0.00795701076908606,-0.00403769701640397
"ridge_cox",477,-0.0042093325403724,0.0105760185930013,-0.0147853511333737
"ridge_cox",478,-0.00368357126337315,0.00994585692751146,-0.0136294281908846
"ridge_cox",479,0.00279923241069927,0.00572982572674801,-0.00293059331604874
"ridge_cox",480,-0.00539224484249136,0.00737150180627812,-0.0127637466487695
"ridge_cox",481,-0.000158701430145222,0.00467695382158022,-0.00483565525172544
"ridge_cox",482,-0.00500729408169525,0.0060426067297188,-0.0110499008114141
"ridge_cox",483,-0.00850314816634993,0.00479649411098889,-0.0132996422773388
"ridge_cox",484,-0.00379146934074664,0.00853386675074517,-0.0123253360914918
"ridge_cox",485,-0.000133268080511181,0.00485123375136374,-0.00498450183187492
"ridge_cox",486,-0.0109461340284338,0.00657834478406438,-0.0175244788124982
"ridge_cox",487,0.00379664632421362,0.009002359465576,-0.00520571314136238
"ridge_cox",488,-0.0026545646502262,0.00666883225573842,-0.00932339690596462
"ridge_cox",489,-0.0027051214618667,0.0040250542583707,-0.0067301757202374
"ridge_cox",490,-0.0041483816335671,0.00808752431509053,-0.0122359059486576
"ridge_cox",491,-0.0107812596635277,0.00676171690113033,-0.017542976564658
"ridge_cox",492,0.0011730964294293,0.00848632700151705,-0.00731323057208775
"ridge_cox",493,-0.00416406197490398,0.00579149856458066,-0.00995556053948464
"ridge_cox",494,-0.00607666709018137,0.00708186720085577,-0.0131585342910371
"ridge_cox",495,0.0102823151534538,0.00872838952264994,0.00155392563080384
"ridge_cox",496,0.00581397427356485,0.0071032845087302,-0.00128931023516535
"ridge_cox",497,-0.00137290457756185,0.00472408908444747,-0.00609699366200932
"ridge_cox",498,-0.010047621532749,0.00945359000262922,-0.0195012115353782
"ridge_cox",499,-0.00300865493235154,0.00831197373454855,-0.0113206286669001
"ridge_cox",500,0.00179904894365752,0.00377548543875843,-0.00197643649510091
"ridge_cox",501,-0.00964781004164809,0.00921642375254707,-0.0188642337941952
"ridge_cox",502,-0.00915405010448649,0.0102324295508186,-0.0193864796553051
"ridge_cox",503,0.0144296267373923,0.0112025280400343,0.00322709869735796
"ridge_cox",504,0.00322724821964707,0.00877620294849087,-0.00554895472884379
"ridge_cox",505,0.00238960321776913,0.00621030886416661,-0.00382070564639748
"ridge_cox",506,0.00210415582385647,0.00171492891466488,0.00038922690919159
"ridge_cox",507,-0.00704739103042258,0.00879751943258184,-0.0158449104630044
"ridge_cox",508,-0.00977815181203608,0.00483017686043582,-0.0146083286724719
"ridge_cox",509,-0.00442347191480496,0.00355071050197465,-0.00797418241677962
"ridge_cox",510,-0.00230723663100135,0.00254660135099546,-0.00485383798199681
"ridge_cox",511,-0.000855246490827901,0.00187045282436332,-0.00272569931519122
"ridge_cox",512,-0.0109881509029696,0.00320965152727881,-0.0141978024302484
"ridge_cox",513,-0.00222600229596983,0.00559785115826435,-0.00782385345423418
"ridge_cox",514,-0.00635101583011257,0.00960096428190669,-0.0159519801120193
"ridge_cox",515,-0.00775084927641078,0.00439535811325599,-0.0121462073896668
"ridge_cox",516,-0.00947762938852443,0.00360982566097621,-0.0130874550495006
"ridge_cox",517,0.00893178623323597,0.00799332169200421,0.000938464541231759
"ridge_cox",518,-0.0010331117060607,0.00653531370525204,-0.00756842541131274
"ridge_cox",519,-0.00327561977789058,0.00864922947393542,-0.011924849251826
"ridge_cox",520,0.00253704931678804,0.00551364586586051,-0.00297659654907248
"ridge_cox",521,-0.000433272573255172,0.00707628878542992,-0.0075095613586851
"ridge_cox",522,-0.0009076789784199,0.00418553044701673,-0.00509320942543663
"ridge_cox",523,0.0000214311544903165,0.0084042249057423,-0.00838279375125198
"ridge_cox",524,-0.00462781580560979,0.00515606211576509,-0.00978387792137489
"ridge_cox",525,-0.00229795789677268,0.00908510452738893,-0.0113830624241616
"ridge_cox",526,-0.00000135673675269545,0.00793071889008467,-0.00793207562683737
"ridge_cox",527,-0.00466895596232852,0.00928224413344787,-0.0139512000957764
"ridge_cox",528,-0.0160784173647961,0.00066429659883875,-0.0167427139636349
"ridge_cox",529,0.00328213437258041,0.00465651561447412,-0.0013743812418937
"ridge_cox",530,-0.00342585364004555,0.006073824407794,-0.00949967804783955
"ridge_cox",531,-0.00887125748577782,0.0104583557502885,-0.0193296132360664
"ridge_cox",532,0.00149278517746722,0.00699098087363563,-0.00549819569616841
"ridge_cox",533,0.00634833587494927,0.00585577401057866,0.000492561864370611
"ridge_cox",534,0.00082888793641024,0.00204621854936595,-0.00121733061295571
"ridge_cox",535,0.00229415369576742,0.00677594276908839,-0.00448178907332097
"ridge_cox",536,-0.00338153794735905,0.00233646286695863,-0.00571800081431768
"ridge_cox",537,-0.00201759612418316,0.00656006829044501,-0.00857766441462817
"ridge_cox",538,-0.00340435453676133,0.00720805154022889,-0.0106124060769902
"ridge_cox",539,-0.00759694620645686,0.00382587690966886,-0.0114228231161257
"ridge_cox",540,0.00455302385237254,0.0108702717323734,-0.00631724788000089
"ridge_cox",541,0.00157986542495148,0.0091461128894911,-0.00756624746453962
"ridge_cox",542,-0.0100184073636935,0.00489382987783418,-0.0149122372415277
"ridge_cox",543,-0.00306275984527949,0.00669516546005911,-0.0097579253053386
"ridge_cox",544,0.00282703201036014,0.00777989182613035,-0.00495285981577021
"ridge_cox",545,-0.0021071875295427,0.00411133992483705,-0.00621852745437974
"ridge_cox",546,0.0066140836260119,0.0132280479574945,-0.00661396433148257
"ridge_cox",547,-0.00309480445934394,0.00591269725166336,-0.0090075017110073
"ridge_cox",548,0.00224916763064301,0.00350474932781482,-0.00125558169717182
"ridge_cox",549,0.0165365253638794,0.0126636847631651,0.00387284060071436
"ridge_cox",550,-0.00292756049355447,0.0127836841652664,-0.0157112446588208
"ridge_cox",551,-0.000299905077688141,0.00358193665299046,-0.0038818417306786
"ridge_cox",552,0.00127111573078172,0.00757040771251455,-0.00629929198173283
"ridge_cox",553,0.00108884199238023,0.00677497320178686,-0.00568613120940663
"ridge_cox",554,-0.0016187521446273,0.0073078806526259,-0.0089266327972532
"ridge_cox",555,-0.00316119303577194,0.00364580892517064,-0.00680700196094259
"ridge_cox",556,-0.00529541650946829,0.00559209728041499,-0.0108875137898833
"ridge_cox",557,0.0103094580872234,0.0110439651112493,-0.000734507024025999
"ridge_cox",558,0.00361650673271024,0.0105180835638854,-0.00690157683117515
"ridge_cox",559,-0.00479765418913389,0.00476628373456747,-0.00956393792370136
"ridge_cox",560,0.00458846274631709,0.00763298637890289,-0.00304452363258579
"ridge_cox",561,-0.00519311340670922,0.00776352836471986,-0.0129566417714291
"ridge_cox",562,-0.00278169744027836,0.00714566041436033,-0.0099273578546387
"ridge_cox",563,-0.00382308133183614,0.00401933236423511,-0.00784241369607125
"ridge_cox",564,-0.00315880038156378,0.0037774229516366,-0.00693622333320038
"ridge_cox",565,-0.00565870253825554,0.00780181158128595,-0.0134605141195415
"ridge_cox",566,-0.00702138079514277,0.00570035615895727,-0.0127217369541
"ridge_cox",567,0.00471988769658351,0.00832361185390618,-0.00360372415732267
"ridge_cox",568,-0.00800157134020355,0.00701633685280559,-0.0150179081930091
"ridge_cox",569,0.00263418428350746,0.00937071282948492,-0.00673652854597746
"ridge_cox",570,-0.00835303655497081,0.00466151464638827,-0.0130145512013591
"ridge_cox",571,-0.00351634397285447,0.00724067799372774,-0.0107570219665822
"ridge_cox",572,-0.00289613945739157,0.0025196711735808,-0.00541581063097238
"ridge_cox",573,-0.00585861716195325,0.00347973712347701,-0.00933835428543026
"ridge_cox",574,0.00667656118620112,0.00795016180319931,-0.00127360061699819
"ridge_cox",575,-0.00281204933650114,0.00714997048557923,-0.00996201982208037
"ridge_cox",576,-0.00357430348672124,0.0066285746768018,-0.010202878163523
"ridge_cox",577,-0.00317959698085785,0.00812974484171415,-0.011309341822572
"ridge_cox",578,0.00530048849531497,0.0110097682739612,-0.00570927977864626
"ridge_cox",579,-0.000910983587249328,0.00966370221663537,-0.0105746858038847
"ridge_cox",580,-0.00259557671140777,0.0051487746322377,-0.00774435134364547
"ridge_cox",581,-0.000748493295611391,0.00829635179942124,-0.00904484509503263
"ridge_cox",582,-0.00390805351816869,0.0037058978799656,-0.00761395139813429
"ridge_cox",583,0.0035336207754066,0.00788093289407576,-0.00434731211866916
"ridge_cox",584,-0.00211506305277648,0.00562916293417314,-0.00774422598694962
"ridge_cox",585,0.000188001171626652,0.00652451874933696,-0.00633651757771031
"ridge_cox",586,0.00261111615944314,0.00571046294317671,-0.00309934678373358
"ridge_cox",587,0.000983017826190888,0.00701830293233552,-0.00603528510614463
"ridge_cox",588,-0.00422844930209191,0.0038419292177655,-0.00807037851985741
"ridge_cox",589,0.00168187896812914,0.00689899901398706,-0.00521712004585792
"ridge_cox",590,-0.00802244091616332,0.00832649315557453,-0.0163489340717379
"ridge_cox",591,-0.00526649900554881,0.0015056491937855,-0.0067721481993343
"ridge_cox",592,-0.00110408803232632,0.0082390543410465,-0.00934314237337282
"ridge_cox",593,-0.00506405293427688,0.00564477344189187,-0.0107088263761687
"ridge_cox",594,-0.00356287373881494,0.00695077404021241,-0.0105136477790273
"ridge_cox",595,-0.000219054848238934,0.00509934492727861,-0.00531839977551754
"ridge_cox",596,-0.00102422241021099,0.00900956203766748,-0.0100337844478785
"ridge_cox",597,-0.0110301060990654,0.00687742939831234,-0.0179075354973777
"ridge_cox",598,-0.00596057925208824,0.00686221573806635,-0.0128227949901546
"ridge_cox",599,0.000363313061926708,0.00688187301562079,-0.00651855995369408
"ridge_cox",600,-0.00534127690108707,0.00516026044345748,-0.0105015373445446
"ridge_cox",601,-0.00356706646506793,0.00262098703202961,-0.00618805349709754
"ridge_cox",602,0.00323022718843735,0.00511802349042191,-0.00188779630198456
"ridge_cox",603,0.0139408724610781,0.00859709738527365,0.00534377507580449
"ridge_cox",604,0.0012460966853005,0.0047791709904829,-0.0035330743051824
"ridge_cox",605,-0.00516591495650175,0.00672080394781932,-0.0118867189043211
"ridge_cox",606,0.00105740003077258,0.0110431079355355,-0.0099857079047629
"ridge_cox",607,0.00132045352926355,0.00660641723663691,-0.00528596370737336
"ridge_cox",608,0.00653343760753662,0.00821196954851182,-0.0016785319409752
"ridge_cox",609,0.0015934596710568,0.0061792722197191,-0.0045858125486623
"ridge_cox",610,0.00234835570079603,0.0117498571762701,-0.00940150147547408
"ridge_cox",611,-0.000448237445838732,0.00623689174342298,-0.00668512918926171
"ridge_cox",612,-0.0013320461915714,0.00645086115427685,-0.00778290734584825
"ridge_cox",613,0.00466746049982929,0.00815753155934523,-0.00349007105951594
"ridge_cox",614,-0.00542787101416335,0.00794985283638422,-0.0133777238505476
"ridge_cox",615,-0.00662398697598439,0.00703907912767025,-0.0136630661036546
"ridge_cox",616,0.00602707845703677,0.00625465468575318,-0.000227576228716411
"ridge_cox",617,-0.00241289720513843,0.00423198441949857,-0.006644881624637
"ridge_cox",618,-0.00421795225600729,0.00530581681031262,-0.00952376906631991
"ridge_cox",619,-0.00125350698965089,0.00800414221895394,-0.00925764920860482
"ridge_cox",620,-0.0043370086084032,0.00741294624558199,-0.0117499548539852
"ridge_cox",621,0.00255098647458179,0.0132047617963095,-0.0106537753217277
"ridge_cox",622,-0.00696549339737582,0.00561135491131492,-0.0125768483086907
"ridge_cox",623,-0.00140001681538882,0.00829429240954838,-0.0096943092249372
"ridge_cox",624,0.00297620865902426,0.00514369646068443,-0.00216748780166016
"ridge_cox",625,-0.00271765872418336,0.00379070926453026,-0.00650836798871362
"ridge_cox",626,-0.00120361974912869,0.00101503064686793,-0.00221865039599663
"ridge_cox",627,0.00270207490198369,0.00574422353386664,-0.00304214863188295
"ridge_cox",628,0.00138429720934404,0.00691407709218252,-0.00552977988283848
"ridge_cox",629,0.00782709213052337,0.00675572687741747,0.0010713652531059
"ridge_cox",630,0.000444043375040478,0.00399865106026196,-0.00355460768522149
"ridge_cox",631,0.00648875977905279,0.0109191937955732,-0.00443043401652045
"ridge_cox",632,0.00604037281794854,0.0080931878073812,-0.00205281498943266
"ridge_cox",633,-0.00167542381400201,0.00565462685505217,-0.00733005066905419
"ridge_cox",634,-0.00080762683819614,0.0080352177486589,-0.00884284458685504
"ridge_cox",635,-0.00139895336729056,0.00652069511814703,-0.00791964848543758
"ridge_cox",636,-0.00146302486379389,0.00516706586674242,-0.00663009073053631
"ridge_cox",637,0.00452268342848337,0.00500676160622451,-0.000484078177741148
"ridge_cox",638,0.00214071231269963,0.00895366776987544,-0.00681295545717581
"ridge_cox",639,-0.000345130266759116,0.00849001357255191,-0.00883514383931103
"ridge_cox",640,-0.008271652795386,0.00672817013304703,-0.014999822928433
"ridge_cox",641,-0.00279748736291944,0.0058623883364948,-0.00865987569941424
"ridge_cox",642,-0.000994727089805218,0.0119092102267796,-0.0129039373165848
"ridge_cox",643,0.00624178749310537,0.0103788627408364,-0.00413707524773103
"ridge_cox",644,-0.00209125916576696,0.00323904284295552,-0.00533030200872247
"ridge_cox",645,0.00329413096625656,0.00818855611124852,-0.00489442514499196
"ridge_cox",646,0.00231011744833232,0.00814388389802269,-0.00583376644969036
"ridge_cox",647,-0.00553741106166909,0.00599850630555173,-0.0115359173672208
"ridge_cox",648,-0.00675923978338305,0.00698751083048088,-0.0137467506138639
"ridge_cox",649,0.000503857674667266,0.00804328390610203,-0.00753942623143477
"ridge_cox",650,0.00242694452343044,0.00647357946197516,-0.00404663493854472
"ridge_cox",651,-0.0120422088869196,0.00476029051360031,-0.0168024994005199
"ridge_cox",652,-0.0109034339831622,0.00358799681249805,-0.0144914307956602
"ridge_cox",653,-0.00652395529964747,0.0052123891460262,-0.0117363444456737
"ridge_cox",654,0.00189693501825886,0.00245457283789609,-0.000557637819637235
"ridge_cox",655,0.00347666186194782,0.00556972265125507,-0.00209306078930725
"ridge_cox",656,0.000268144364743175,0.00715281076755519,-0.00688466640281202
"ridge_cox",657,-0.00464630688719608,0.00465576758168244,-0.00930207446887852
"ridge_cox",658,-0.00592190768699884,0.00600762591929587,-0.0119295336062947
"ridge_cox",659,0.00530763280274886,0.00880706773737533,-0.00349943493462647
"ridge_cox",660,0.0033212663591345,0.0131763599183318,-0.00985509355919733
"ridge_cox",661,0.00570305458913644,0.0080833611727104,-0.00238030658357396
"ridge_cox",662,-0.00545400855518432,0.00491556794703826,-0.0103695765022226
"ridge_cox",663,0.00547249875867705,0.00622111247633233,-0.000748613717655284
"ridge_cox",664,-0.00641422155101265,0.00889781339850916,-0.0153120349495218
"ridge_cox",665,0.000659064650805241,0.00618424041844587,-0.00552517576764063
"ridge_cox",666,-0.00560189588512823,0.00551549410384069,-0.0111173899889689
"ridge_cox",667,-0.00543060099766631,0.00602278360011739,-0.0114533845977837
"ridge_cox",668,-0.00372911473788496,0.00542124283493987,-0.00915035757282482
"ridge_cox",669,-0.0137727687951356,0.005849287841095,-0.0196220566362306
"ridge_cox",670,0.00231646307370721,0.00934603221620309,-0.00702956914249588
"ridge_cox",671,-0.00484022016390394,0.00957876642445027,-0.0144189865883542
"ridge_cox",672,-0.0126369500637716,0.00172913625728563,-0.0143660863210573
"ridge_cox",673,-0.00179612040220616,0.00893616604517927,-0.0107322864473854
"ridge_cox",674,-0.00165833210469126,0.00434905458423936,-0.00600738668893061
"ridge_cox",675,0.00158384046180499,0.00777707517490721,-0.00619323471310222
"ridge_cox",676,0.00256109016859021,0.00844017626220228,-0.00587908609361208
"ridge_cox",677,-0.00256093137367061,0.00360263145374731,-0.00616356282741792
"ridge_cox",678,-0.000583782528178935,0.00817153832916833,-0.00875532085734726
"ridge_cox",679,-0.00213794216504543,0.00375340846218823,-0.00589135062723366
"ridge_cox",680,-0.00734546536182818,0.00300868713455086,-0.010354152496379
"ridge_cox",681,-0.000675333371704296,0.00714908241688421,-0.0078244157885885
"ridge_cox",682,0.00158233031428041,0.0028983258942854,-0.00131599558000499
"ridge_cox",683,-0.00436121344394527,0.00906623928691779,-0.0134274527308631
"ridge_cox",684,0.000951513746909345,0.00971985822952845,-0.00876834448261911
"ridge_cox",685,-0.00728053076685064,0.00140752118940368,-0.00868805195625432
"ridge_cox",686,-0.00635009530007203,0.00639197461233791,-0.0127420699124099
"ridge_cox",687,-0.00950514358776647,0.00507230270537992,-0.0145774462931464
"ridge_cox",688,0.00389555005833335,0.0107906348217993,-0.00689508476346594
"ridge_cox",689,0.00020155728481073,0.00612133281355398,-0.00591977552874325
"ridge_cox",690,-0.00743233924818708,0.00712909504032933,-0.0145614342885164
"ridge_cox",691,0.00085053126796065,0.00879605325373267,-0.00794552198577202
"ridge_cox",692,-0.00103138383247302,0.0051171369141379,-0.00614852074661093
"ridge_cox",693,-0.000993449950732086,0.0043332761611686,-0.00532672611190069
"ridge_cox",694,0.00649439462261231,0.0080371990626128,-0.00154280444000048
"ridge_cox",695,0.00393853343691764,0.00976811417988474,-0.00582958074296711
"ridge_cox",696,0.00470221727964395,0.00927654412325013,-0.00457432684360618
"ridge_cox",697,-0.000692554565429472,0.00757309622279698,-0.00826565078822645
"ridge_cox",698,0.0115480349283962,0.0111976236724436,0.000350411255952591
"ridge_cox",699,0.011397910501993,0.00574497755445786,0.00565293294753516
"ridge_cox",700,-0.000741006843235088,0.00589929130032178,-0.00664029814355687
"ridge_cox",701,-0.00254469326822194,0.0100518392083664,-0.0125965324765883
"ridge_cox",702,0.00180462180318313,0.00612094989158162,-0.00431632808839849
"ridge_cox",703,-0.00221335810630616,0.00475239751622988,-0.00696575562253604
"ridge_cox",704,-0.00131197621442128,0.00299727120270515,-0.00430924741712643
"ridge_cox",705,0.00452563850760583,0.00943006220676868,-0.00490442369916285
"ridge_cox",706,-0.00323577433743653,0.00461624277261093,-0.00785201711004747
"ridge_cox",707,-0.00275806030806659,0.00472556325711936,-0.00748362356518595
"ridge_cox",708,-0.00496058365429022,0.00566161282910058,-0.0106221964833908
"ridge_cox",709,0.000137943251296621,0.00663577197321582,-0.00649782872191919
"ridge_cox",710,0.00171724522772486,0.00303738817047437,-0.00132014294274951
"ridge_cox",711,-0.00566256519234149,0.00971256032904753,-0.015375125521389
"ridge_cox",712,-0.00392389497432505,0.00561445671110035,-0.0095383516854254
"ridge_cox",713,-0.00487117467289238,0.0059007658134309,-0.0107719404863233
"ridge_cox",714,-0.00628086506095613,0.00539013471080814,-0.0116709997717643
"ridge_cox",715,0.000337855221781374,0.00657086982584136,-0.00623301460405998
"ridge_cox",716,-0.00314947435768277,0.0044957487396814,-0.00764522309736417
"ridge_cox",717,0.00697401362313162,0.0107698108919702,-0.00379579726883858
"ridge_cox",718,0.0042913477946737,0.01142689270248,-0.00713554490780625
"ridge_cox",719,-0.00273977860827573,0.00835473127699384,-0.0110945098852696
"ridge_cox",720,-0.00173882333890836,0.0113273418499251,-0.0130661651888334
"ridge_cox",721,0.00588939683092442,0.0089395147203022,-0.00305011788937778
"ridge_cox",722,-0.000818369434895221,0.00483408425981456,-0.00565245369470978
"ridge_cox",723,-0.00549113670332494,0.00403380093923052,-0.00952493764255546
"ridge_cox",724,0.00443725621824384,0.00401780052911823,0.000419455689125611
"ridge_cox",725,-0.00745270890090453,0.00827377377817071,-0.0157264826790752
"ridge_cox",726,-0.00298757324050584,0.0115039312313546,-0.0144915044718605
"ridge_cox",727,-0.00708283493154853,0.00764502778256776,-0.0147278627141163
"ridge_cox",728,-0.00221426564496392,0.00488688424020926,-0.00710114988517319
"ridge_cox",729,-0.000950443845170921,0.00341563117852672,-0.00436607502369764
"ridge_cox",730,0.00996977845334714,0.00392714569328846,0.00604263276005868
"ridge_cox",731,-0.000266777635345426,0.00855644601895345,-0.00882322365429888
"ridge_cox",732,-0.000370136804915611,0.00719517058969409,-0.0075653073946097
"ridge_cox",733,0.00488080791296017,0.0105878985648783,-0.00570709065191817
"ridge_cox",734,0.00526896320022037,0.0059390897818137,-0.000670126581593326
"ridge_cox",735,-0.000919005783685576,0.00521240268256839,-0.00613140846625396
"ridge_cox",736,-0.00697233930137081,0.00442395341146924,-0.0113962927128401
"ridge_cox",737,0.00768985044850533,0.0079935514336138,-0.000303700985108467
"ridge_cox",738,0.000858972227286707,0.0109958900221585,-0.0101369177948718
"ridge_cox",739,0.00830900609829612,0.00915843255740565,-0.000849426459109537
"ridge_cox",740,0.00778121469354478,0.00732175183429467,0.000459462859250103
"ridge_cox",741,-0.0037543804359855,0.0113601844928977,-0.0151145649288832
"ridge_cox",742,0.00496893308472482,0.00467623797689935,0.000292695107825471
"ridge_cox",743,-0.00352950599872334,0.00178714434439056,-0.0053166503431139
"ridge_cox",744,0.00397120186818753,0.00817898103799144,-0.00420777916980391
"ridge_cox",745,-0.00204056752247387,0.00840606363182592,-0.0104466311542998
"ridge_cox",746,0.00811712217303707,0.00723958756373661,0.000877534609300466
"ridge_cox",747,-0.016582163603279,0.010463260806448,-0.027045424409727
"ridge_cox",748,0.00571755294850016,0.0105295898567616,-0.00481203690826148
"ridge_cox",749,-0.0031158061612199,0.0112299946895072,-0.0143458008507271
"ridge_cox",750,-0.00518625473114981,0.00741463113695914,-0.0126008858681089
"ridge_cox",751,-0.00234681710784711,0.00993463214933719,-0.0122814492571843
"ridge_cox",752,0.00576995132210336,0.00768998570664383,-0.00192003438454047
"ridge_cox",753,-0.00249591883812652,0.00673053944721612,-0.00922645828534263
"ridge_cox",754,-0.00195214583878539,0.00638158014321324,-0.00833372598199864
"ridge_cox",755,0.00210432922110463,0.005325879245191,-0.00322155002408637
"ridge_cox",756,0.00202878119276448,0.00746010402416396,-0.00543132283139948
"ridge_cox",757,-0.00158355017543334,0.00902436540545735,-0.0106079155808907
"ridge_cox",758,-0.00383314067276072,0.00840097272789115,-0.0122341134006519
"ridge_cox",759,-0.00812822223696049,0.0094103937961553,-0.0175386160331158
"ridge_cox",760,-0.00979336333114173,0.00362586082421321,-0.0134192241553549
"ridge_cox",761,0.00293979211069356,0.00685065722682684,-0.00391086511613328
"ridge_cox",762,-0.00872235602665928,0.00835806123835814,-0.0170804172650174
"ridge_cox",763,0.00649532996720574,0.00311927949994001,0.00337605046726574
"ridge_cox",764,0.00567792019726118,0.00559333950534003,0.0000845806919211513
"ridge_cox",765,0.00879097027974758,0.0075877888654374,0.00120318141431017
"ridge_cox",766,-0.0066214249627136,0.00324201692717188,-0.00986344188988549
"ridge_cox",767,-0.00710362508123002,0.00673785858422809,-0.0138414836654581
"ridge_cox",768,-0.00342317936962005,0.006710279747547,-0.0101334591171671
"ridge_cox",769,-0.000625691850618803,0.010443494457873,-0.0110691863084918
"ridge_cox",770,0.00423969246514917,0.00852376630334193,-0.00428407383819276
"ridge_cox",771,-0.00400424979043064,0.00398124190103115,-0.00798549169146179
"ridge_cox",772,0.00334943489844658,0.00834959997413074,-0.00500016507568416
"ridge_cox",773,0.00314634033239886,0.0042066953946558,-0.00106035506225694
"ridge_cox",774,-0.00191358299758477,0.00977759387442759,-0.0116911768720124
"ridge_cox",775,0.000933583546693117,0.000674191040709228,0.00025939250598389
"ridge_cox",776,-0.00304001726641593,0.00772936858781452,-0.0107693858542304
"ridge_cox",777,-0.00259648254060913,0.00801910527449378,-0.0106155878151029
"ridge_cox",778,0.0109618732823576,0.00702624534720851,0.00393562793514912
"ridge_cox",779,0.00695299775181652,0.0080981961304775,-0.00114519837866098
"ridge_cox",780,0.00838073162701208,0.00771445089069266,0.000666280736319418
"ridge_cox",781,0.00380718084548999,0.00645394380777259,-0.0026467629622826
"ridge_cox",782,-0.00443017898605534,0.00627950683500367,-0.010709685821059
"ridge_cox",783,-0.00115150532185177,0.00562349076900356,-0.00677499609085533
"ridge_cox",784,0.00519081074775658,0.00742629999482454,-0.00223548924706795
"ridge_cox",785,0.00164460686872378,0.00735629389757796,-0.00571168702885418
"ridge_cox",786,-0.00453890150500399,0.00744866179168557,-0.0119875632966896
"ridge_cox",787,0.00476068315246725,0.0107412122933152,-0.00598052914084797
"ridge_cox",788,0.0018761076213236,0.0113040918363872,-0.00942798421506358
"ridge_cox",789,-0.0077240510921192,0.00831121864117922,-0.0160352697332984
"ridge_cox",790,0.00657981643957957,0.00980169765407011,-0.00322188121449054
"ridge_cox",791,-0.00844028986952768,0.00605499199930691,-0.0144952818688346
"ridge_cox",792,-0.005721643445263,0.00383026327212377,-0.00955190671738678
"ridge_cox",793,0.00130151436991682,0.00537749630114348,-0.00407598193122666
"ridge_cox",794,0.0105515615557581,0.00581685091269278,0.00473471064306534
"ridge_cox",795,-0.00259793059446487,0.00844076243112908,-0.0110386930255939
"ridge_cox",796,-0.00470437364425406,0.00775096489430172,-0.0124553385385558
"ridge_cox",797,0.00536878649204634,0.0074026846142496,-0.00203389812220326
"ridge_cox",798,-0.000697107837472818,0.00696903460700735,-0.00766614244448017
"ridge_cox",799,0.012206522875088,0.00708487337473104,0.005121649500357
"ridge_cox",800,-0.00738814069548226,0.00731761469058713,-0.0147057553860694
"ridge_cox",801,-0.0095916021447861,0.00648646129526814,-0.0160780634400542
"ridge_cox",802,-0.00153645334323474,0.00701445642857705,-0.00855090977181179
"ridge_cox",803,-0.0000480252610930305,0.00404310951912764,-0.00409113478022068
"ridge_cox",804,0.00217507285437983,0.00592300208311588,-0.00374792922873605
"ridge_cox",805,0.00664776422809371,0.00728949481014501,-0.0006417305820513
"ridge_cox",806,-0.00878552693416473,0.00611927741623729,-0.014904804350402
"ridge_cox",807,0.00173125259554954,0.00472537878182414,-0.0029941261862746
"ridge_cox",808,-0.00036290105440118,0.00953820158218492,-0.0099011026365861
"ridge_cox",809,0.0026631365600789,0.00432070910261284,-0.00165757254253394
"ridge_cox",810,0.00348154430887455,0.00610796770051814,-0.00262642339164359
"ridge_cox",811,-0.000899094478947034,0.00984618302016818,-0.0107452774991152
"ridge_cox",812,0.0109733416047698,0.00956751487705167,0.00140582672771809
"ridge_cox",813,-0.00175014634121559,0.00597603373556712,-0.00772618007678271
"ridge_cox",814,0.00866410821603683,0.00612492088646615,0.00253918732957068
"ridge_cox",815,-0.00100665169284828,0.00606760080197277,-0.00707425249482105
"ridge_cox",816,0.00302510732183793,0.00956430604267631,-0.00653919872083838
"ridge_cox",817,-0.00146663001680485,0.0074555505399331,-0.00892218055673795
"ridge_cox",818,0.00444602644826677,0.0067204599869325,-0.00227443353866573
"ridge_cox",819,0.000356342966643795,0.00155627968412774,-0.00119993671748395
"ridge_cox",820,-0.00075814090029507,0.00593542474095347,-0.00669356564124854
"ridge_cox",821,-0.0086122367391004,-0.00049494564345185,-0.00811729109564856
"ridge_cox",822,-0.00400679121259204,0.0115792356232848,-0.0155860268358769
"ridge_cox",823,0.00386978761475281,0.00539460186141543,-0.00152481424666261
"ridge_cox",824,0.00106643721123542,0.0078525823595251,-0.00678614514828969
"ridge_cox",825,0.00203533755649887,0.00626017645579758,-0.00422483889929871
"ridge_cox",826,-0.00375742460370748,0.0112246826253461,-0.0149821072290536
"ridge_cox",827,0.000384111877412913,0.00985063429178217,-0.00946652241436926
"ridge_cox",828,-0.0112324613339559,0.00448462348138475,-0.0157170848153407
"ridge_cox",829,-0.00110081768564852,0.00151639201620362,-0.00261720970185214
"ridge_cox",830,0.0129423680673681,0.00769818343521645,0.00524418463215165
"ridge_cox",831,-0.000561133975804378,0.0076964966197246,-0.00825763059552898
"ridge_cox",832,-0.00365473171314831,0.00488940999695937,-0.00854414171010768
"ridge_cox",833,-0.00836400918529173,0.00624547783353042,-0.0146094870188222
"ridge_cox",834,0.00374616880488677,0.00783233311915208,-0.00408616431426532
"ridge_cox",835,-0.00513777079126795,0.00850346781220793,-0.0136412386034759
"ridge_cox",836,-0.00160327439671017,0.00609611216712396,-0.00769938656383413
"ridge_cox",837,0.00588769260106763,0.00479960454215752,0.00108808805891011
"ridge_cox",838,-0.00431401688800689,0.0088352278281418,-0.0131492447161487
"ridge_cox",839,0.0116544037706436,0.00571111143070975,0.0059432923399338
"ridge_cox",840,-0.00354879640436665,0.00862978710139571,-0.0121785835057624
"ridge_cox",841,0.0022159844588355,0.00596734400444612,-0.00375135954561062
"ridge_cox",842,-0.00391444301577683,0.00673964206400246,-0.0106540850797793
"ridge_cox",843,-0.00568693104842519,0.0075047017303958,-0.013191632778821
"ridge_cox",844,-0.00621849265785792,0.00691044281320147,-0.0131289354710594
"ridge_cox",845,-0.00645167112786862,0.00809452727361698,-0.0145461984014856
"ridge_cox",846,0.0064447462223005,0.0109907848274514,-0.00454603860515093
"ridge_cox",847,0.0120260552640584,0.00999389743709187,0.00203215782696651
"ridge_cox",848,-0.00154344498149226,0.00788928800209806,-0.00943273298359031
"ridge_cox",849,0.00616152013675711,0.00948869263303881,-0.0033271724962817
"ridge_cox",850,-0.00656934537195886,0.00867736751420281,-0.0152467128861617
"ridge_cox",851,0.000903177681123803,0.00852833055433643,-0.00762515287321263
"ridge_cox",852,-0.00433327309766268,0.00883911936552732,-0.01317239246319
"ridge_cox",853,-0.00349653823743064,0.00845469208507071,-0.0119512303225013
"ridge_cox",854,-0.0107650824256735,0.00475162360418391,-0.0155167060298574
"ridge_cox",855,-0.00697744590069068,0.0056545536941026,-0.0126319995947933
"ridge_cox",856,0.0123834671167997,0.0119982178571704,0.000385249259629303
"ridge_cox",857,-0.00179419884920069,0.00776454547407983,-0.00955874432328053
"ridge_cox",858,0.00040624085460185,0.0085043167183378,-0.00809807586373596
"ridge_cox",859,-0.00448164521374744,0.00960705237124192,-0.0140886975849894
"ridge_cox",860,-0.00421040587516431,0.00453454358306424,-0.00874494945822855
"ridge_cox",861,0.00114109365415282,0.00718045981514481,-0.00603936616099199
"ridge_cox",862,-0.00106158367363208,0.00694781036664818,-0.00800939404028026
"ridge_cox",863,-0.00139703256346684,0.00486910703521407,-0.00626613959868091
"ridge_cox",864,-0.00357855532218115,0.00252528117782531,-0.00610383650000646
"ridge_cox",865,-0.0102539392001044,0.00447444863684351,-0.0147283878369479
"ridge_cox",866,-0.00274215522347057,0.00799881574671157,-0.0107409709701821
"ridge_cox",867,-0.00201520432803265,0.00677887152259315,-0.0087940758506258
"ridge_cox",868,-0.00262487427466071,0.00167882420102667,-0.00430369847568739
"ridge_cox",869,0.00562285917331155,0.0079329118135807,-0.00231005264026915
"ridge_cox",870,0.00403515400005871,0.0102994621321947,-0.00626430813213599
"ridge_cox",871,-0.00645858831706374,0.00605117204923276,-0.0125097603662965
"ridge_cox",872,-0.000141107292959025,0.00855649159435453,-0.00869759888731355
"ridge_cox",873,-0.00766111597722416,0.00374162488663712,-0.0114027408638613
"ridge_cox",874,-0.0107190689021797,0.00550749406016517,-0.0162265629623449
"ridge_cox",875,-0.00855117459067158,0.00642666029557925,-0.0149778348862508
"ridge_cox",876,0.00108677338530317,0.00785308991906696,-0.00676631653376379
"ridge_cox",877,0.0029995090616528,0.00734600749985557,-0.00434649843820277
"ridge_cox",878,-0.00105500345348121,0.00650848961695906,-0.00756349307044027
"ridge_cox",879,-0.00116374450993665,0.00603669861983688,-0.00720044312977354
"ridge_cox",880,0.0016315706106175,0.00858221905509982,-0.00695064844448232
"ridge_cox",881,0.00170658601830988,0.0101507258991398,-0.00844413988082995
"ridge_cox",882,-0.00622401981929409,0.00354849237825776,-0.00977251219755185
"ridge_cox",883,0.00383236465094547,0.00547603547435536,-0.00164367082340989
"ridge_cox",884,-0.00578123528076356,0.00760432520899571,-0.0133855604897593
"ridge_cox",885,-0.00723326282579098,0.00258721988997377,-0.00982048271576475
"ridge_cox",886,0.00572257237337128,0.00395890944435353,0.00176366292901774
"ridge_cox",887,0.00273772538180619,0.0108749306193201,-0.00813720523751389
"ridge_cox",888,-0.00375937943959851,0.00908450466220429,-0.0128438841018028
"ridge_cox",889,-0.00463520774898933,0.00292801836950733,-0.00756322611849666
"ridge_cox",890,-0.00215882023249671,0.0020386036111699,-0.00419742384366661
"ridge_cox",891,-0.00378826749469778,0.00716664797977756,-0.0109549154744753
"ridge_cox",892,-0.00480582614343337,0.00705297050798378,-0.0118587966514171
"ridge_cox",893,0.00161495852856894,0.00677818320108871,-0.00516322467251978
"ridge_cox",894,0.00067561846112762,0.00382471937290092,-0.0031491009117733
"ridge_cox",895,-0.00361067083171946,0.00607861535251711,-0.00968928618423657
"ridge_cox",896,-0.00569395875167927,0.0065049192873114,-0.0121988780389907
"ridge_cox",897,-0.00321368180286832,0.000703636792103576,-0.0039173185949719
"ridge_cox",898,0.000131680058877249,0.00831666612145582,-0.00818498606257858
"ridge_cox",899,-0.00114980234836565,0.00691925932673351,-0.00806906167509916
"ridge_cox",900,0.00658010246918858,0.00494647401487197,0.00163362845431661
"ridge_cox",901,-0.00888328021884612,0.00696659442922736,-0.0158498746480735
"ridge_cox",902,0.00603543173787229,0.00666797591155959,-0.000632544173687298
"ridge_cox",903,0.00509444318868581,0.00460229339243013,0.000492149796255674
"ridge_cox",904,-0.0061453233760836,0.00643940128098016,-0.0125847246570638
"ridge_cox",905,-0.00691654171605595,0.00647069842697223,-0.0133872401430282
"ridge_cox",906,0.0059575722594399,0.00923642138778433,-0.00327884912834442
"ridge_cox",907,-0.00757004142492458,0.00516785931992415,-0.0127379007448487
"ridge_cox",908,0.00530475056012833,0.010377884072413,-0.00507313351228472
"ridge_cox",909,-0.0057230829945909,0.00472267124482326,-0.0104457542394142
"ridge_cox",910,0.0104914826396354,0.0112824825368689,-0.000790999897233528
"ridge_cox",911,-0.00655568072302589,0.00253223096781562,-0.00908791169084151
"ridge_cox",912,-0.00558881535874,0.00553876553204962,-0.0111275808907896
"ridge_cox",913,-0.00437696958835673,0.00327474867564792,-0.00765171826400464
"ridge_cox",914,0.00113649999428455,0.0069402909323854,-0.00580379093810085
"ridge_cox",915,-0.00818307420678907,0.00466357055285918,-0.0128466447596483
"ridge_cox",916,0.00361342523219114,0.00788157871991588,-0.00426815348772475
"ridge_cox",917,-0.00347829284113695,0.00467606681096772,-0.00815435965210467
"ridge_cox",918,-0.00453866261214743,0.00608475660937983,-0.0106234192215273
"ridge_cox",919,-0.00886682027355424,0.00543557884970655,-0.0143023991232608
"ridge_cox",920,-0.00728236478370278,0.00447447133095318,-0.011756836114656
"ridge_cox",921,0.000157568635341907,0.00463562620544348,-0.00447805757010157
"ridge_cox",922,0.00898768982203675,0.0100134868038156,-0.00102579698177887
"ridge_cox",923,0.00187641372732171,0.012819164347387,-0.0109427506200653
"ridge_cox",924,0.00122801592636418,0.0072562258358262,-0.00602820990946201
"ridge_cox",925,-0.00498302915690012,0.0072024997013125,-0.0121855288582126
"ridge_cox",926,-0.0119175714770747,0.00699855939211847,-0.0189161308691932
"ridge_cox",927,-0.00801421523448064,0.00431367655014187,-0.0123278917846225
"ridge_cox",928,-0.00552357342148472,0.00847836893794246,-0.0140019423594272
"ridge_cox",929,-0.0063827157424433,0.00584884482462508,-0.0122315605670684
"ridge_cox",930,-0.00317984008657463,0.00305548730183457,-0.0062353273884092
"ridge_cox",931,0.000328907826534006,0.0037736194817362,-0.00344471165520219
"ridge_cox",932,0.00208178332883168,0.00883080673456785,-0.00674902340573617
"ridge_cox",933,-0.00879821052339485,0.00494940120731715,-0.013747611730712
"ridge_cox",934,-0.00456204050684202,0.00763727970035735,-0.0121993202071994
"ridge_cox",935,-0.00629258224731412,0.00297482284265911,-0.00926740508997323
"ridge_cox",936,0.00367783869970857,0.00908380662879017,-0.0054059679290816
"ridge_cox",937,-0.000185251465416094,0.00993411634052882,-0.0101193678059449
"ridge_cox",938,0.00379844430391761,0.0125393082464458,-0.00874086394252816
"ridge_cox",939,-0.00166001155453364,0.00725304599893299,-0.00891305755346662
"ridge_cox",940,0.00320203630550475,0.00838659987090052,-0.00518456356539577
"ridge_cox",941,-0.00658836365133437,0.0066598294501712,-0.0132481931015056
"ridge_cox",942,-0.00169312007154609,0.00589260052684603,-0.00758572059839212
"ridge_cox",943,0.0101804770060836,0.00732266369985841,0.00285781330622523
"ridge_cox",944,0.00696626891763884,0.00836405654919687,-0.00139778763155803
"ridge_cox",945,-0.00428970213828431,0.00554975642913674,-0.00983945856742105
"ridge_cox",946,-0.00487211662518511,0.00660581617499342,-0.0114779328001785
"ridge_cox",947,0.00971915707219818,0.00908295919083678,0.000636197881361395
"ridge_cox",948,0.00559399532931702,0.00675196633761429,-0.00115797100829727
"ridge_cox",949,-0.00990654662276654,0.00583753070028884,-0.0157440773230554
"ridge_cox",950,-0.00619938222610105,0.00369621381145338,-0.00989559603755443
"ridge_cox",951,-0.00782166621542583,0.0090387655223678,-0.0168604317377936
"ridge_cox",952,-0.00275050817468937,0.00566030761338811,-0.00841081578807748
"ridge_cox",953,-0.00745768242114111,0.00365211536299449,-0.0111097977841356
"ridge_cox",954,-0.000310893212379793,0.00825283750188302,-0.00856373071426282
"ridge_cox",955,-0.00429802311155929,0.0064631954282494,-0.0107612185398087
"ridge_cox",956,-0.0124450339727541,0.00195401032923888,-0.014399044301993
"ridge_cox",957,-0.00497395158394502,0.0059185017130283,-0.0108924532969733
"ridge_cox",958,-0.00300611191092778,0.00864465589064861,-0.0116507678015764
"ridge_cox",959,-0.000883374120021263,0.00747835884466726,-0.00836173296468852
"ridge_cox",960,-0.00017564995753974,0.010915669292576,-0.0110913192501157
"ridge_cox",961,-0.00357441087633485,0.00899353893350724,-0.0125679498098421
"ridge_cox",962,0.0004405416765606,0.0114413576912166,-0.011000816014656
"ridge_cox",963,0.00361861890084771,0.00753825387658413,-0.00391963497573642
"ridge_cox",964,-0.0010843751224905,0.00838373365069162,-0.00946810877318212
"ridge_cox",965,-0.00274754868982958,0.00563676061342332,-0.0083843093032529
"ridge_cox",966,-0.00299709786343228,0.0076228803905335,-0.0106199782539658
"ridge_cox",967,0.00746162939046657,0.0110749913560576,-0.00361336196559104
"ridge_cox",968,-0.00178342339789894,0.0059540079264911,-0.00773743132439005
"ridge_cox",969,0.00554624856703867,0.00832047884661981,-0.00277423027958115
"ridge_cox",970,0.00984032523135947,0.0118910660447216,-0.0020507408133621
"ridge_cox",971,0.00270757876303807,0.00646708578674703,-0.00375950702370896
"ridge_cox",972,0.00210565480196823,0.0062989616387586,-0.00419330683679038
"ridge_cox",973,0.00425686766017852,0.0117407526370028,-0.00748388497682431
"ridge_cox",974,0.0110714189995343,0.00723574433052154,0.00383567466901271
"ridge_cox",975,-0.0091937052143224,0.0043804271947479,-0.0135741324090703
"ridge_cox",976,0.00135082946340501,0.00761058205124162,-0.00625975258783661
"ridge_cox",977,-0.00398999366422254,0.0035301825003174,-0.00752017616453994
"ridge_cox",978,0.00181699124500899,0.00510048683455326,-0.00328349558954427
"ridge_cox",979,-0.00457143925407362,0.00786690692653594,-0.0124383461806096
"ridge_cox",980,-0.00707714845108274,0.00651162827029135,-0.0135887767213741
"ridge_cox",981,-0.00497299521042038,0.00753835174386158,-0.012511346954282
"ridge_cox",982,0.00338247220539177,0.00810987694399093,-0.00472740473859916
"ridge_cox",983,-0.00878977152340098,0.0075424844895305,-0.0163322560129315
"ridge_cox",984,-0.00368514772055509,0.00704036586595131,-0.0107255135865064
"ridge_cox",985,-0.00547428110216312,0.00411705876670227,-0.00959133986886539
"ridge_cox",986,0.00510026740070672,0.00774083178199683,-0.00264056438129012
"ridge_cox",987,-0.00154104279310133,0.00904527064491166,-0.010586313438013
"ridge_cox",988,-0.00635582376886907,0.0088135795069219,-0.015169403275791
"ridge_cox",989,-0.00578913486880979,0.00651676657929436,-0.0123059014481041
"ridge_cox",990,0.00272216741348073,0.0060694148550118,-0.00334724744153107
"ridge_cox",991,0.00204626951934416,0.00491214425890145,-0.00286587473955729
"ridge_cox",992,-0.0089950560208685,0.00954193854026125,-0.0185369945611298
"ridge_cox",993,-0.000771448150804218,0.00992384751297012,-0.0106952956637743
"ridge_cox",994,-0.00115944727331579,0.00615212414166162,-0.00731157141497741
"ridge_cox",995,0.00175679586099891,0.00436035437941772,-0.00260355851841881
"ridge_cox",996,0.00307442544109245,0.00766959963216195,-0.0045951741910695
"ridge_cox",997,0.0065531271770685,0.00806415364121241,-0.00151102646414391
"ridge_cox",998,-0.00123014100735854,0.00714752471626309,-0.00837766572362163
"ridge_cox",999,0.00137317003485824,0.00685069033921866,-0.00547752030436043
"ridge_cox",1000,-0.00256996367997719,0.00875292270384204,-0.0113228863838192
"ridge_cox",1001,-0.000177917659504541,0.006468582396884,-0.00664650005638854
"ridge_cox",1002,-0.0068172570091347,0.00768892725773154,-0.0145061842668662
"ridge_cox",1003,-0.00463844001061924,0.0106376573673813,-0.0152760973780005
"ridge_cox",1004,0.00520743393146608,0.00584514739140861,-0.000637713459942529
"ridge_cox",1005,-0.0088155577933476,0.00620290917624131,-0.0150184669695889
"ridge_cox",1006,-0.00159263749661481,0.00801707745255737,-0.00960971494917218
"ridge_cox",1007,0.0049854257849162,0.0086863441210876,-0.0037009183361714
"ridge_cox",1008,-0.00183722595933958,0.00798319977271749,-0.00982042573205707
"ridge_cox",1009,-0.00397552747268894,0.00585271005301573,-0.00982823752570466
"ridge_cox",1010,0.00679569832526493,0.00678446659031687,0.0000112317349480534
"ridge_cox",1011,0.00217030057513051,0.0103875814712281,-0.00821728089609756
"ridge_cox",1012,-0.00578509385237583,0.00652010480987969,-0.0123051986622555
"ridge_cox",1013,0.0101042862398523,0.00640750041455845,0.00369678582529389
"ridge_cox",1014,0.00552431720730576,0.00746098857803688,-0.00193667137073112
"ridge_cox",1015,0.00760523634271183,0.00963980632545156,-0.00203456998273973
"ridge_cox",1016,-0.00189343288772765,0.00871561527183457,-0.0106090481595622
"ridge_cox",1017,-0.00180057599095182,0.00776660526245589,-0.00956718125340771
"ridge_cox",1018,-0.00334889144087249,0.00441001697153374,-0.00775890841240623
"ridge_cox",1019,-0.0130692814741342,0.00393404498522632,-0.0170033264593605
"ridge_cox",1020,0.00292419713628144,0.00247375360777167,0.000450443528509769
"ridge_cox",1021,0.011839535474347,0.00975825181910923,0.00208128365523776
"ridge_cox",1022,-0.00516304655316116,0.00601918958063542,-0.0111822361337966
"ridge_cox",1023,-0.002009627992214,0.00818269239724501,-0.010192320389459
"ridge_cox",1024,-0.00407815819920261,0.0069889199293817,-0.0110670781285843
"ridge_cox",1025,0.000980414812040236,0.00495680152093486,-0.00397638670889462
"ridge_cox",1026,0.00206906946721788,0.00768218932655523,-0.00561311985933735
"ridge_cox",1027,0.000414679700940045,0.00856054898898868,-0.00814586928804863
"ridge_cox",1028,0.000152942208160671,0.00838620539560143,-0.00823326318744076
"ridge_cox",1029,-0.00337220156836091,0.00359720544790237,-0.00696940701626328
"ridge_cox",1030,0.00283534388875527,0.00533416988875732,-0.00249882600000204
"ridge_cox",1031,0.00151981920254703,0.00168663618898017,-0.00016681698643314
"ridge_cox",1032,-0.00175759122652373,0.0067264726592305,-0.00848406388575422
"ridge_cox",1033,-0.00350946933436549,0.00774457678944034,-0.0112540461238058
"ridge_cox",1034,0.00019900374611544,0.00785451063673446,-0.00765550689061902
"ridge_cox",1035,-0.00572999495018605,0.00817906402463103,-0.0139090589748171
"ridge_cox",1036,0.00171196567403783,0.0092059958641488,-0.00749403019011096
"ridge_cox",1037,0.0012874324757418,0.00737442488410764,-0.00608699240836584
"ridge_cox",1038,0.0063688487883123,0.00848401489568088,-0.00211516610736858
"ridge_cox",1039,-0.000303654868217464,0.0112990226133305,-0.011602677481548
"ridge_cox",1040,0.000745002599481974,0.00586344814097526,-0.00511844554149329
"ridge_cox",1041,0.00818306324716704,0.00731807592812557,0.000864987319041476
"ridge_cox",1042,-0.00361879959890075,0.00998904296101174,-0.0136078425599125
"ridge_cox",1043,-0.00216485034041543,0.00532666053763234,-0.00749151087804777
"ridge_cox",1044,-0.00319948057609632,0.00438477295047843,-0.00758425352657475
"ridge_cox",1045,0.00544703980788962,0.00650486595044703,-0.00105782614255741
"ridge_cox",1046,-0.00684593663366313,0.00694071945927849,-0.0137866560929416
"ridge_cox",1047,0.00850581658002552,0.00988469246383755,-0.00137887588381203
"ridge_cox",1048,-0.00251222712089219,0.00688336329202216,-0.00939559041291435
"ridge_cox",1049,-0.00325986407114368,0.00803305924552638,-0.0112929233166701
"ridge_cox",1050,-0.0112548831136817,0.00574765062186812,-0.0170025337355498
"ridge_cox",1051,-0.000801514427698724,0.00885270702870674,-0.00965422145640546
"ridge_cox",1052,0.00231655850855967,0.00805647112027674,-0.00573991261171707
"ridge_cox",1053,-0.00412382388218565,0.0071159083184782,-0.0112397322006639
"ridge_cox",1054,-0.00327674085930798,0.00159937329373122,-0.00487611415303921
"ridge_cox",1055,-0.00703290545796926,0.00336091564863966,-0.0103938211066089
"ridge_cox",1056,-0.00918685158913313,0.00464401198864533,-0.0138308635777785
"ridge_cox",1057,0.0000849898552136554,0.00836618367704418,-0.00828119382183052
"ridge_cox",1058,-0.00686193794091746,0.00749279745237067,-0.0143547353932881
"ridge_cox",1059,0.00256239083054869,0.00898497056784975,-0.00642257973730106
"ridge_cox",1060,-0.00295080722374486,0.00669291307380753,-0.0096437202975524
"ridge_cox",1061,0.0027008655074702,0.00652583592623997,-0.00382497041876977
"ridge_cox",1062,0.00156617610259136,0.00900601361257234,-0.00743983750998097
"ridge_cox",1063,0.00147127795064157,0.00873223263142607,-0.0072609546807845
"ridge_cox",1064,-0.00013668400986228,0.00560090316588255,-0.00573758717574483
"ridge_cox",1065,-0.000532594808484046,0.00315040055703128,-0.00368299536551533
"ridge_cox",1066,-0.00106480857858799,0.0102408606635184,-0.0113056692421064
"ridge_cox",1067,0.00495517618720511,0.00513877814620086,-0.000183601958995749
"ridge_cox",1068,-0.000623456476609458,0.0036991484290288,-0.00432260490563826
"ridge_cox",1069,-0.00612132700521875,0.00748627859585191,-0.0136076056010707
"ridge_cox",1070,0.00194755325768931,0.0067174834395698,-0.0047699301818805
"ridge_cox",1071,0.00817605158618739,0.00909043787493983,-0.00091438628875244
"ridge_cox",1072,-0.00212804100615892,0.0016430866562566,-0.00377112766241552
"ridge_cox",1073,-0.00400229106624253,0.00688200773171617,-0.0108842987979587
"ridge_cox",1074,0.00832399071055662,0.0127542988656913,-0.0044303081551347
"ridge_cox",1075,0.00485098344028347,0.0102965164699739,-0.00544553302969043
"ridge_cox",1076,0.000225529929594438,0.0106097413810146,-0.0103842114514202
"ridge_cox",1077,-0.000453405635499431,0.00507955785072426,-0.00553296348622369
"ridge_cox",1078,0.00345807068485555,0.00805714091991386,-0.00459907023505831
"ridge_cox",1079,0.00579707204025908,0.00930132360817944,-0.00350425156792036
"ridge_cox",1080,-0.00164809085720946,0.00859942656449965,-0.0102475174217091
"ridge_cox",1081,0.00430768129001678,0.00777677071951574,-0.00346908942949896
"ridge_cox",1082,-0.00512619483609794,0.00331626445638799,-0.00844245929248593
"ridge_cox",1083,0.00195286066760233,0.00920112613384849,-0.00724826546624617
"ridge_cox",1084,-0.0014639284129921,0.0110093675298556,-0.0124732959428477
"ridge_cox",1085,-0.00239810391613864,0.00993274236918995,-0.0123308462853286
"ridge_cox",1086,-0.000224420610184919,0.00813001432190546,-0.00835443493209038
"ridge_cox",1087,-0.0000955498403745116,0.00706789922121021,-0.00716344906158473
"ridge_cox",1088,0.000738283616257156,0.00878934331774512,-0.00805105970148796
"ridge_cox",1089,0.00140526353771838,0.00927789666340061,-0.00787263312568223
"ridge_cox",1090,0.00736989868233898,0.00907451798725391,-0.00170461930491493
"ridge_cox",1091,0.00488393051193917,0.00753675086117897,-0.00265282034923981
"ridge_cox",1092,0.000672322987725345,0.00602007698780836,-0.00534775400008302
"ridge_cox",1093,-0.00738787111184735,0.00596905587202299,-0.0133569269838703
"ridge_cox",1094,-0.000802542628441023,0.00220545108279584,-0.00300799371123686
"ridge_cox",1095,0.0121581362139837,0.00690051601600494,0.00525762019797879
"ridge_cox",1096,0.00645259341139812,0.0088790016218079,-0.00242640821040978
"ridge_cox",1097,0.00277606217518896,0.00273622507167084,0.0000398371035181216
"ridge_cox",1098,0.00575322034316926,0.00831554797439316,-0.0025623276312239
"ridge_cox",1099,0.00125269370592214,0.00596042530916877,-0.00470773160324662
"ridge_cox",1100,0.00262627473477683,0.00457888855811557,-0.00195261382333874
"ridge_cox",1101,-0.00531855900815373,0.00752268245430545,-0.0128412414624592
"ridge_cox",1102,-0.0088215643539137,0.0030999512784862,-0.0119215156323999
"ridge_cox",1103,-0.000891116723567971,0.00820053826414365,-0.00909165498771162
"ridge_cox",1104,0.00151186822062299,0.00537267494573931,-0.00386080672511632
"ridge_cox",1105,-0.00629011645598736,0.00397618215058173,-0.0102662986065691
"ridge_cox",1106,0.00788927284350405,0.00579397281096933,0.00209530003253472
"ridge_cox",1107,-0.0000612567517340107,0.00888748963052345,-0.00894874638225747
"ridge_cox",1108,0.00135420435340494,0.00385631441502123,-0.00250211006161629
"ridge_cox",1109,-0.0024797399305045,0.00853421514548933,-0.0110139550759938
"ridge_cox",1110,-0.00215485019778581,0.00576470471621446,-0.00791955491400027
"ridge_cox",1111,-0.0094545101417555,0.0054759988178049,-0.0149305089595604
"ridge_cox",1112,0.000652334427359315,0.00558489309148237,-0.00493255866412305
"ridge_cox",1113,-0.00374679247315759,0.00420757704347708,-0.00795436951663466
"ridge_cox",1114,-0.00492580797538715,0.00208160257509681,-0.00700741055048395
"ridge_cox",1115,-0.0105617518312967,0.00100874733314586,-0.0115704991644426
"ridge_cox",1116,-0.00930437192666987,0.00162556549507707,-0.0109299374217469
"ridge_cox",1117,0.000830636720448766,0.00438255087761902,-0.00355191415717026
"ridge_cox",1118,0.00198248217265922,0.0088264223062068,-0.00684394013354758
"ridge_cox",1119,-0.00166546913597423,0.00665541941894347,-0.0083208885549177
"ridge_cox",1120,-0.00480871700109846,0.00236158426850221,-0.00717030126960067
"ridge_cox",1121,-0.00801809126225658,0.0091588696545579,-0.0171769609168145
"ridge_cox",1122,-0.00632004203516317,0.000912638798496879,-0.00723268083366005
"ridge_cox",1123,-0.0055622139070039,0.00692257505579658,-0.0124847889628005
"ridge_cox",1124,-0.0049458044838984,0.00278779369183077,-0.00773359817572917
"ridge_cox",1125,0.00305608629647178,0.00491460186467306,-0.00185851556820128
"ridge_cox",1126,0.00781785639310851,0.00779396267093574,0.0000238937221727709
"ridge_cox",1127,0.00660509825448674,0.00750636689405257,-0.000901268639565835
"ridge_cox",1128,-0.00495880618346943,0.00190609340575977,-0.0068648995892292
"ridge_cox",1129,-0.00383418880886447,0.00610185589231238,-0.00993604470117685
"ridge_cox",1130,0.00365607031165044,0.0101544585480238,-0.00649838823637337
"ridge_cox",1131,-0.0112494100297186,0.0073678466601745,-0.0186172566898931
"ridge_cox",1132,0.00906958654240704,0.00837535551058566,0.000694231031821384
"ridge_cox",1133,-0.00751471665115034,0.00174416334520082,-0.00925887999635116
"ridge_cox",1134,0.00552582605135693,0.00861208094711711,-0.00308625489576018
"ridge_cox",1135,0.0156901344390269,0.00679593392647666,0.0088942005125502
"ridge_cox",1136,-0.00665175368313149,0.00423496279248893,-0.0108867164756204
"ridge_cox",1137,-0.00355927872325716,0.00529461381743762,-0.00885389254069478
"ridge_cox",1138,0.00229490485365868,0.0115016489225429,-0.0092067440688842
"ridge_cox",1139,0.00453900860379703,0.00987941715347396,-0.00534040854967693
"ridge_cox",1140,-0.00749328722824779,0.00823787183553131,-0.0157311590637791
"ridge_cox",1141,0.00769242401512917,0.012101562210452,-0.00440913819532282
"ridge_cox",1142,0.00659579211866898,0.00751504633234175,-0.000919254213672762
"ridge_cox",1143,0.00346724331144315,0.00618883616943626,-0.00272159285799312
"ridge_cox",1144,-0.00257105825451372,0.00647294779013068,-0.0090440060446444
"ridge_cox",1145,-0.00209784012645758,0.00491567650435185,-0.00701351663080943
"ridge_cox",1146,-0.00125487687601252,0.00586357687931024,-0.00711845375532276
"ridge_cox",1147,0.00786186883981497,0.00869240462844087,-0.000830535788625904
"ridge_cox",1148,0.00221913456252028,0.00624382278062111,-0.00402468821810083
"ridge_cox",1149,0.000244071953507267,0.0056950225983577,-0.00545095064485043
"ridge_cox",1150,-0.00248590418412694,0.00364516493689983,-0.00613106912102677
"ridge_cox",1151,0.0000677370230243207,0.00680649788465739,-0.00673876086163307
"ridge_cox",1152,0.00150631331054917,0.00592497462362107,-0.0044186613130719
"ridge_cox",1153,-0.00809677290774887,0.00462050697044538,-0.0127172798781943
"ridge_cox",1154,0.000374284755963044,0.00737551217743946,-0.00700122742147641
"ridge_cox",1155,-0.0137411737051354,0.00495912700263821,-0.0187003007077736
"ridge_cox",1156,-0.008626238885004,0.00582582822559174,-0.0144520671105957
"ridge_cox",1157,0.00376293370592196,0.00878044763530143,-0.00501751392937948
"ridge_cox",1158,-0.00329489987596219,0.00219784208721166,-0.00549274196317385
"ridge_cox",1159,-0.00905448367363891,0.00556755899138991,-0.0146220426650288
"ridge_cox",1160,-0.00317137188176101,0.00792202474560919,-0.0110933966273702
"ridge_cox",1161,-0.00372409453723174,0.010329472245386,-0.0140535667826178
"ridge_cox",1162,-0.00339586889806387,0.00487154684779022,-0.00826741574585409
"ridge_cox",1163,0.00242256147509906,0.00892904512030346,-0.0065064836452044
"ridge_cox",1164,0.000542878395450161,0.00670410765539057,-0.00616122925994041
"ridge_cox",1165,0.00137340039718805,0.00836101482581784,-0.0069876144286298
"ridge_cox",1166,-0.000354041167420776,0.00947514017677707,-0.00982918134419785
"ridge_cox",1167,-0.00116507500543064,0.00772076642218088,-0.00888584142761152
"ridge_cox",1168,0.0104061351275235,0.0102896553486031,0.000116479778920455
"ridge_cox",1169,0.00266266071369165,0.00911970066264518,-0.00645703994895353
"ridge_cox",1170,0.000531116320438749,0.00910641315478156,-0.00857529683434281
"ridge_cox",1171,-0.00486030666316769,0.00422144838070741,-0.0090817550438751
"ridge_cox",1172,0.000207021926743172,0.00794801131551711,-0.00774098938877394
"ridge_cox",1173,0.011673426917783,0.00812199013390227,0.00355143678388072
"ridge_cox",1174,0.00842532027820623,0.0113933245131391,-0.00296800423493282
"ridge_cox",1175,0.0097683104411829,0.0119565902557548,-0.00218827981457192
"ridge_cox",1176,0.00635240348120508,0.00156271498449937,0.00478968849670571
"ridge_cox",1177,0.00295682988952727,0.0092168434428595,-0.00626001355333223
"ridge_cox",1178,0.0103517861325908,0.0104963850157872,-0.00014459888319647
"ridge_cox",1179,0.00145228609419725,0.010377617453083,-0.00892533135888571
"ridge_cox",1180,0.00113208873607161,0.00296922702925068,-0.00183713829317907
"ridge_cox",1181,-0.00286489092744874,0.00249685708722553,-0.00536174801467427
"ridge_cox",1182,0.0052445539073306,0.00696859623648011,-0.00172404232914951
"ridge_cox",1183,0.00211310785998551,0.00792090120478719,-0.00580779334480168
"ridge_cox",1184,0.00272498275777714,0.0074692391551269,-0.00474425639734976
"ridge_cox",1185,-0.00487700029034231,0.00521242592207556,-0.0100894262124179
"ridge_cox",1186,-0.000825232311122344,0.00482156717576555,-0.0056467994868879
"ridge_cox",1187,0.00359492596077368,0.00779284510572409,-0.00419791914495041
"ridge_cox",1188,-0.00422173831303978,0.00269230153653424,-0.00691403984957402
"ridge_cox",1189,-0.00635264372715009,0.00729219402200364,-0.0136448377491537
"ridge_cox",1190,-0.000428186352892683,0.0018915519396929,-0.00231973829258559
"ridge_cox",1191,-0.0063864699874844,0.00486990242037014,-0.0112563724078545
"ridge_cox",1192,-0.00568759981163024,-0.0000169308095112216,-0.00567066900211901
"ridge_cox",1193,-0.000169137727792445,0.00550316222894732,-0.00567229995673977
"ridge_cox",1194,-0.00827059157544881,0.00410748294744224,-0.012378074522891
"ridge_cox",1195,0.000114227165893872,0.00916571991373751,-0.00905149274784363
"ridge_cox",1196,-0.00140467743819441,0.00784454236605124,-0.00924921980424565
"ridge_cox",1197,-0.00122498463251838,0.00799372785643787,-0.00921871248895625
"ridge_cox",1198,0.00149004775873631,0.00291733502980095,-0.00142728727106464
"ridge_cox",1199,-0.00420360121763457,0.00334277860119259,-0.00754637981882716
"ridge_cox",1200,-0.00631317964746585,0.00231560233112347,-0.00862878197858932
"ridge_cox",1201,0.00183496554956297,0.0051385501269765,-0.00330358457741353
"ridge_cox",1202,-0.00200656440938318,0.00874926785595433,-0.0107558322653375
"ridge_cox",1203,0.00384550098960505,0.0046970518071996,-0.000851550817594545
"ridge_cox",1204,0.00478936279468886,0.00970676866216821,-0.00491740586747935
"ridge_cox",1205,0.00452445141908278,0.00907460388982082,-0.00455015247073804
"ridge_cox",1206,-0.00266086031312224,0.00439604057610959,-0.00705690088923182
"ridge_cox",1207,0.0066711272973384,0.00878395734572085,-0.00211283004838246
"ridge_cox",1208,0.00346473608043791,0.00602604837174865,-0.00256131229131074
"ridge_cox",1209,0.000341233394766952,0.0064166407892148,-0.00607540739444785
"ridge_cox",1210,0.00225250426843831,0.00570545052710315,-0.00345294625866484
"ridge_cox",1211,-0.00170076029193113,0.0130670010592372,-0.0147677613511683
"ridge_cox",1212,-0.00200025407548215,0.0062831104767134,-0.00828336455219555
"ridge_cox",1213,0.00908583466906607,0.0110580221563036,-0.00197218748723749
"ridge_cox",1214,0.000248115228115209,0.00238350639614621,-0.002135391168031
"ridge_cox",1215,-0.00375972767229242,0.0114255839775302,-0.0151853116498226
"ridge_cox",1216,-0.000297364951663326,0.00338601105107821,-0.00368337600274154
"ridge_cox",1217,0.00455951275581943,0.00636435798229546,-0.00180484522647603
"ridge_cox",1218,-0.00678017423955703,0.00650007356534083,-0.0132802478048979
"ridge_cox",1219,-0.00248778132984693,0.00837055099009431,-0.0108583323199412
"ridge_cox",1220,0.000544690954240673,0.00436877575567875,-0.00382408480143808
"ridge_cox",1221,0.00375427183119447,0.00544391659802303,-0.00168964476682855
"ridge_cox",1222,-0.0138828705544309,0.00362216048971504,-0.017505031044146
"ridge_cox",1223,-0.00315953405875183,0.0119081723747649,-0.0150677064335167
"ridge_cox",1224,-0.00640908743265186,0.00960336218740907,-0.0160124496200609
"ridge_cox",1225,-0.000676697604063068,0.00704269667659476,-0.00771939428065783
"ridge_cox",1226,-0.00476664309010629,0.00272706096649238,-0.00749370405659867
"ridge_cox",1227,-0.00213254942611726,-0.000609011442783509,-0.00152353798333376
"ridge_cox",1228,-0.00312344321222375,0.00345015602026113,-0.00657359923248488
"ridge_cox",1229,-0.00756784902725091,0.0092604930137318,-0.0168283420409827
"ridge_cox",1230,0.00194047439346405,0.00970007392252552,-0.00775959952906147
"ridge_cox",1231,0.00448191527704505,0.00524845506845467,-0.000766539791409614
"ridge_cox",1232,0.00090508138580855,0.00585278190808264,-0.00494770052227409
"ridge_cox",1233,-0.0121554929121324,0.000578296353148134,-0.0127337892652805
"ridge_cox",1234,-0.00397962296026309,0.0095367972625636,-0.0135164202228267
"ridge_cox",1235,0.000162151797475481,0.0068909526907221,-0.00672880089324662
"ridge_cox",1236,-0.00747484443696313,0.00242334060470475,-0.00989818504166788
"ridge_cox",1237,-0.00513980876591498,0.00382394623219522,-0.0089637549981102
"ridge_cox",1238,0.00508041114332046,0.00632605694305781,-0.00124564579973735
"ridge_cox",1239,-0.00248891213087907,0.00260565387706293,-0.005094566007942
"ridge_cox",1240,-0.00309533113443378,0.00505008854205042,-0.00814541967648419
"ridge_cox",1241,-0.00320551320351383,0.00785705646813399,-0.0110625696716478
"ridge_cox",1242,-0.0104072623348555,0.00418473046571671,-0.0145919928005722
"ridge_cox",1243,0.00141192916022214,0.0050574489120579,-0.00364551975183576
"ridge_cox",1244,-0.0134707343990627,0.00865556668897822,-0.0221263010880409
"ridge_cox",1245,-0.00388404088361644,0.00464098546103642,-0.00852502634465286
"ridge_cox",1246,-0.00270218209687978,0.00497411104688302,-0.0076762931437628
"ridge_cox",1247,-0.00350822731426576,0.0105290133751543,-0.0140372406894201
"ridge_cox",1248,-0.00956604935687476,0.00736249062502457,-0.0169285399818993
"ridge_cox",1249,-0.010076155824802,0.00449216252720485,-0.0145683183520068
"ridge_cox",1250,-0.000341261273588443,0.00887586967500396,-0.00921713094859241
"ridge_cox",1251,0.00171142136271695,0.00614565588665239,-0.00443423452393544
"ridge_cox",1252,-0.00280078994401089,0.00785193326630909,-0.01065272321032
"ridge_cox",1253,-0.00267838248670704,0.00705154195704032,-0.00972992444374736
"ridge_cox",1254,-0.0017439314163331,0.00961012664676367,-0.0113540580630968
"ridge_cox",1255,-0.000362216069541962,0.0112484417864414,-0.0116106578559834
"ridge_cox",1256,-0.00277392056565025,0.00561258914242923,-0.00838650970807948
"ridge_cox",1257,0.00569746351958534,0.0118112966028452,-0.00611383308325982
"ridge_cox",1258,-0.00812413115419069,0.00795385505076279,-0.0160779862049535
"ridge_cox",1259,0.00810908978760502,0.00688298473037831,0.00122610505722671
"ridge_cox",1260,0.00170166961614995,0.0105056678957149,-0.00880399827956497
"ridge_cox",1261,0.00432922482200815,0.00666691616862106,-0.0023376913466129
"ridge_cox",1262,-0.00910345140219886,0.00131509196827648,-0.0104185433704753
"ridge_cox",1263,-0.00430532551918754,0.0081870428073637,-0.0124923683265512
"ridge_cox",1264,0.00264519804284559,0.0054461140702479,-0.00280091602740231
"ridge_cox",1265,-0.00136503384106273,0.00864879208976266,-0.0100138259308254
"ridge_cox",1266,-0.00446578251816712,0.00530361455387463,-0.00976939707204176
"ridge_cox",1267,-0.00203284437299335,0.00568639773362834,-0.00771924210662169
"ridge_cox",1268,-0.00894083369543291,0.00186952378725464,-0.0108103574826876
"ridge_cox",1269,-0.012108512320068,0.00764802696357465,-0.0197565392836427
"ridge_cox",1270,0.00307439138218816,0.00498151720615583,-0.00190712582396766
"ridge_cox",1271,-0.00706828355831881,0.00389920272452613,-0.0109674862828449
"ridge_cox",1272,0.00528681790989891,0.0112895389447592,-0.00600272103486031
"ridge_cox",1273,0.00313321680741429,0.0078333094355312,-0.00470009262811691
"ridge_cox",1274,-0.00197980797471308,0.0129711001575457,-0.0149509081322588
"ridge_cox",1275,-0.00542770012628776,0.00557825235139784,-0.0110059524776856
"ridge_cox",1276,0.00701947055930207,0.00544287237878414,0.00157659818051793
"ridge_cox",1277,-0.00323149357484833,0.00643393601296803,-0.00966542958781636
"ridge_cox",1278,-0.0034002298387257,0.00375297715915088,-0.00715320699787658
"ridge_cox",1279,-0.00581760102225855,0.00207692341577011,-0.00789452443802866
"ridge_cox",1280,0.00315448285465538,0.00750314127361582,-0.00434865841896045
"ridge_cox",1281,-0.0021709666074608,0.00468655927641914,-0.00685752588387995
"ridge_cox",1282,-0.00542706080418905,0.00861605838388032,-0.0140431191880694
"ridge_cox",1283,0.00104078706501219,0.0073524788375046,-0.0063116917724924
"ridge_cox",1284,-0.0019152168014079,0.00757155048989973,-0.00948676729130763
"ridge_cox",1285,0.00308864326062866,0.00952345019161938,-0.00643480693099072
"ridge_cox",1286,-0.0080803185396992,0.00779940407460501,-0.0158797226143042
"ridge_cox",1287,-0.00635885070422523,0.0089075168304978,-0.015266367534723
"ridge_cox",1288,-0.00696741672955132,0.00711590350028579,-0.0140833202298371
"ridge_cox",1289,0.00245010752699143,0.0120044400989087,-0.0095543325719173
"ridge_cox",1290,-0.00571760130280146,0.00249486044765381,-0.00821246175045527
"ridge_cox",1291,-0.000809248172477339,0.0112842625059522,-0.0120935106784295
"ridge_cox",1292,-0.00988646601887574,0.00459461071099616,-0.0144810767298719
"ridge_cox",1293,-0.0111830983929354,0.00858444995332341,-0.0197675483462588
"ridge_cox",1294,-0.00395368339733897,0.00583580971295888,-0.00978949311029786
"ridge_cox",1295,0.000715397765926632,0.0091474513557254,-0.00843205358979877
"ridge_cox",1296,-0.0017843097267987,0.00806754553782668,-0.00985185526462538
"ridge_cox",1297,-0.00262041678610678,0.00517975358402081,-0.00780017037012759
"ridge_cox",1298,-0.00713079661734038,0.00411881179545976,-0.0112496084128001
"ridge_cox",1299,-0.00110305590732675,0.00690764992557278,-0.00801070583289953
"ridge_cox",1300,-0.00949409948603011,0.000887789549385177,-0.0103818890354153
"ridge_cox",1301,-0.00444441504067053,0.00675925917381547,-0.011203674214486
"ridge_cox",1302,0.00770830442148183,0.00518213485870809,0.00252616956277374
"ridge_cox",1303,0.00417105209574608,0.00568917611026592,-0.00151812401451984
"ridge_cox",1304,-0.00723534458687863,0.00424591837527352,-0.0114812629621521
"ridge_cox",1305,0.00191112074930344,0.0109361545410208,-0.00902503379171736
"ridge_cox",1306,-0.00245068430750857,0.00644097662292751,-0.00889166093043608
"ridge_cox",1307,-0.0152837431230167,0.0025854448046099,-0.0178691879276266
"ridge_cox",1308,-0.00444797436811973,0.00658153794615172,-0.0110295123142715
"ridge_cox",1309,-0.00868650899972464,-0.000453687514472776,-0.00823282148525186
"ridge_cox",1310,0.0086649076300519,0.00511549100820024,0.00354941662185166
"ridge_cox",1311,-0.00525722408910393,0.00828914349545785,-0.0135463675845618
"ridge_cox",1312,-0.00177296735627489,0.00635161066769337,-0.00812457802396825
"ridge_cox",1313,-0.00416819767299682,0.00495597075487074,-0.00912416842786756
"ridge_cox",1314,-0.0016858992293621,0.00736694072445956,-0.00905283995382165
"ridge_cox",1315,0.00620475648672041,0.0100603096582111,-0.00385555317149069
"ridge_cox",1316,-0.00410024998075883,0.00875119724709765,-0.0128514472278565
"ridge_cox",1317,0.00136305726100737,0.00501467646301666,-0.00365161920200929
"ridge_cox",1318,0.00475111387762555,0.00670078962428656,-0.00194967574666102
"ridge_cox",1319,-0.00168372720326104,0.00581105106445003,-0.00749477826771107
"ridge_cox",1320,-0.0118826468707924,0.00901832185993472,-0.0209009687307272
"ridge_cox",1321,-0.00271840127089036,0.0115392022665891,-0.0142576035374794
"ridge_cox",1322,0.00425374544544238,0.00580749199224586,-0.00155374654680348
"ridge_cox",1323,0.00310365396489403,0.0045675312164657,-0.00146387725157168
"ridge_cox",1324,-0.000708650610908852,0.00754766151122846,-0.00825631212213731
"ridge_cox",1325,0.00330516482394163,0.00926549669896446,-0.00596033187502283
"ridge_cox",1326,-0.0003818190958696,0.0103459149927166,-0.0107277340885862
"ridge_cox",1327,-0.00551814600795037,0.0081904606970959,-0.0137086067050463
"ridge_cox",1328,-0.00671372796547838,0.00219331162141843,-0.00890703958689681
"ridge_cox",1329,-0.00559188677678111,0.00464127318393525,-0.0102331599607164
"ridge_cox",1330,-0.00447295297118821,0.00781864306597665,-0.0122915960371649
"ridge_cox",1331,0.00737285526729596,0.00832138933321532,-0.000948534065919361
"ridge_cox",1332,0.00312569637478125,0.00870496295906968,-0.00557926658428843
"ridge_cox",1333,0.0103734788412653,0.0141331175652956,-0.00375963872403031
"ridge_cox",1334,0.00300333137393541,0.00824534157786981,-0.0052420102039344
"ridge_cox",1335,-0.00317577349307403,0.00064323777539842,-0.00381901126847245
"ridge_cox",1336,-0.0088217006477288,0.00329011249001424,-0.012111813137743
"ridge_cox",1337,-0.00281032471943748,0.00763580380609199,-0.0104461285255295
"ridge_cox",1338,-0.00595094328369563,0.00408448026219411,-0.0100354235458897
"ridge_cox",1339,0.000189981660931826,0.00961380131769498,-0.00942381965676315
"ridge_cox",1340,-0.00937884729727642,0.00463295496008402,-0.0140118022573604
"ridge_cox",1341,-0.00532395309669574,0.00333000189544669,-0.00865395499214243
"ridge_cox",1342,-0.000925704193772422,0.00145950760372145,-0.00238521179749387
"ridge_cox",1343,0.00118358644987573,0.0098163142788928,-0.00863272782901707
"ridge_cox",1344,-0.00760467359935668,0.00599309401653913,-0.0135977676158958
"ridge_cox",1345,-0.0000159943122648961,0.0102261984580097,-0.0102421927702746
"ridge_cox",1346,0.00516840360269933,0.00614206344835852,-0.000973659845659195
"ridge_cox",1347,-0.00658673677056755,0.00744877274235448,-0.014035509512922
"ridge_cox",1348,-0.00617232774027287,0.0086556469614808,-0.0148279747017537
"ridge_cox",1349,0.00219265145585262,0.00744992237307966,-0.00525727091722704
"ridge_cox",1350,-0.00570880523035123,0.0045354462886907,-0.0102442515190419
"ridge_cox",1351,-0.00589617579816728,0.00315862281245597,-0.00905479861062325
"ridge_cox",1352,-0.00498493018381456,0.0102354406205794,-0.015220370804394
"ridge_cox",1353,-0.00105170222694027,0.0050247028130237,-0.00607640503996397
"ridge_cox",1354,-0.00251885935356086,0.00630126830739608,-0.00882012766095694
"ridge_cox",1355,-0.00558047138783871,0.000162351413966528,-0.00574282280180524
"ridge_cox",1356,0.00227786105288684,0.00832346673165214,-0.0060456056787653
"ridge_cox",1357,0.00271506097124991,0.0038818561812656,-0.00116679521001569
"ridge_cox",1358,-0.00357740887196008,0.00499035395530683,-0.00856776282726691
"ridge_cox",1359,-0.0088921392089473,0.00445224045725701,-0.0133443796662043
"ridge_cox",1360,-0.00598094905216225,0.00823347402734649,-0.0142144230795087
"ridge_cox",1361,0.00035501345618187,0.00821368111386887,-0.007858667657687
"ridge_cox",1362,-0.000438046705600103,0.00747707102691119,-0.00791511773251129
"ridge_cox",1363,0.00263447633906955,0.0102827972735182,-0.00764832093444863
"ridge_cox",1364,0.000582722913366061,0.00451294037847312,-0.00393021746510706
"ridge_cox",1365,-0.000822292642531981,0.0103458551208287,-0.0111681477633607
"ridge_cox",1366,-0.0110802253702253,0.00561007968753961,-0.0166903050577649
"ridge_cox",1367,-0.00464681814408336,0.00265152612184266,-0.00729834426592602
"ridge_cox",1368,0.000960944609511908,0.00711028739996327,-0.00614934279045136
"ridge_cox",1369,0.00883819951350087,0.00982793006026746,-0.000989730546766597
"ridge_cox",1370,0.00272234886398923,0.00977071681086693,-0.00704836794687769
"ridge_cox",1371,-0.00920828923496552,0.00280039994886341,-0.0120086891838289
"ridge_cox",1372,0.0121405017444863,0.0108450761517826,0.00129542559270374
"ridge_cox",1373,-0.00857678487154173,0.00347280639999434,-0.0120495912715361
"ridge_cox",1374,-0.000992087686994621,0.00912641058807291,-0.0101184982750675
"ridge_cox",1375,-0.0000495725253025626,0.00979008846909019,-0.00983966099439275
"ridge_cox",1376,0.000494294967905842,0.00310963181283983,-0.00261533684493399
"ridge_cox",1377,-0.00370071753489129,0.00761515046337137,-0.0113158679982627
"ridge_cox",1378,-0.00462037598073929,0.00508733352391195,-0.00970770950465124
"ridge_cox",1379,-0.00574101801767497,0.00653880814007847,-0.0122798261577534
"ridge_cox",1380,-0.0000819390124026375,0.00630856994361933,-0.00639050895602197
"ridge_cox",1381,0.00241043833800558,0.0050021055500593,-0.00259166721205371
"ridge_cox",1382,0.000855180386290344,0.00627379227716326,-0.00541861189087291
"ridge_cox",1383,-0.00162614959145807,0.00654178225765872,-0.00816793184911679
"ridge_cox",1384,-0.00316894733650607,0.00808934444004644,-0.0112582917765525
"ridge_cox",1385,0.00850879322091866,0.00692265699263407,0.00158613622828459
"ridge_cox",1386,-0.00859538878533823,0.00488549588238753,-0.0134808846677258
"ridge_cox",1387,0.000399542555860113,0.0068995301344951,-0.00649998757863498
"ridge_cox",1388,0.00073007704844482,0.00204755545263552,-0.0013174784041907
"ridge_cox",1389,-0.0130834743130261,0.00588814333921945,-0.0189716176522455
"ridge_cox",1390,-0.00106584460681754,0.00502083821449048,-0.00608668282130803
"ridge_cox",1391,-0.00699747355313546,0.00594073129889203,-0.0129382048520275
"ridge_cox",1392,0.0127356940360699,0.0088778732438962,0.00385782079217375
"ridge_cox",1393,-0.00353722846660263,0.00798127459325474,-0.0115185030598574
"ridge_cox",1394,0.00473262869561593,0.00678539737357779,-0.00205276867796186
"ridge_cox",1395,-0.0042483991511613,0.00742291540156543,-0.0116713145527267
"ridge_cox",1396,0.00667713746117153,0.00625730912118739,0.000419828339984138
"ridge_cox",1397,-0.00102462523618223,0.00583765064030956,-0.00686227587649179
"ridge_cox",1398,-0.00855420189593215,0.00254886598410668,-0.0111030678800388
"ridge_cox",1399,0.00321132482019929,0.00937359937983732,-0.00616227455963803
"ridge_cox",1400,-0.000199484528660053,0.0109039541110563,-0.0111034386397163
"ridge_cox",1401,-0.00189102458888924,0.00422707859125135,-0.00611810318014059
"ridge_cox",1402,-0.00204439109937041,0.00421279748823682,-0.00625718858760724
"ridge_cox",1403,-0.00393132994209728,-0.0000828496174907821,-0.0038484803246065
"ridge_cox",1404,0.00228160823609924,0.00459877772886002,-0.00231716949276078
"ridge_cox",1405,-0.0038305032565775,0.0115538846054553,-0.0153843878620328
"ridge_cox",1406,-0.0127465431579014,0.00806222746081171,-0.0208087706187131
"ridge_cox",1407,-0.0106198542737414,0.0110245307642623,-0.0216443850380037
"ridge_cox",1408,0.00433103903120728,0.00861813800343747,-0.00428709897223019
"ridge_cox",1409,-0.00206176187986752,0.00515611691546813,-0.00721787879533565
"ridge_cox",1410,0.00125635015169202,0.00905095195102178,-0.00779460179932976
"ridge_cox",1411,0.00389796121392068,0.00197016730341991,0.00192779391050077
"ridge_cox",1412,-0.00025577115225157,0.00458803180403561,-0.00484380295628718
"ridge_cox",1413,0.0119928403736517,0.00489332807436051,0.00709951229929119
"ridge_cox",1414,0.00455253821720008,0.00850129769763106,-0.00394875948043098
"ridge_cox",1415,0.000962842270883952,0.0063126640414851,-0.00534982177060115
"ridge_cox",1416,0.00531729104344196,0.00654723752132143,-0.00122994647787947
"ridge_cox",1417,0.0070779333528359,0.00551914478852931,0.00155878856430659
"ridge_cox",1418,-0.00017708709572637,0.00444049957059408,-0.00461758666632045
"ridge_cox",1419,-0.0101213808560878,0.00502797673779827,-0.015149357593886
"ridge_cox",1420,-0.00191369772217866,0.00472702614470867,-0.00664072386688732
"ridge_cox",1421,0.00672161632134383,0.00748059250964502,-0.000758976188301187
"ridge_cox",1422,-0.000491759403282028,0.00551563478597707,-0.0060073941892591
"ridge_cox",1423,-0.00789913778477392,0.00609662382170695,-0.0139957616064809
"ridge_cox",1424,-0.00181285636316381,0.0107999347615831,-0.0126127911247469
"ridge_cox",1425,-0.0134664935730535,0.00611743693067722,-0.0195839305037308
"ridge_cox",1426,0.000324582624262617,0.00676037574128576,-0.00643579311702315
"ridge_cox",1427,0.00130596846525268,0.00941383260021026,-0.00810786413495758
"ridge_cox",1428,-0.0065114266517503,0.00879281084099019,-0.0153042374927405
"ridge_cox",1429,0.00651679780476755,0.00659907727700713,-0.0000822794722395784
"ridge_cox",1430,-0.00973776401577976,0.00274960566533963,-0.0124873696811194
"ridge_cox",1431,-0.0043136195985352,0.00522100351981043,-0.00953462311834563
"ridge_cox",1432,-0.000284144194960784,0.00939568267525733,-0.00967982687021811
"ridge_cox",1433,-0.00561442412270686,0.00993647021885554,-0.0155508943415624
"ridge_cox",1434,-0.00573515436653796,0.00743618822686171,-0.0131713425933997
"ridge_cox",1435,-0.0090929782121414,0.0051118759534151,-0.0142048541655565
"ridge_cox",1436,-0.00128132996767107,0.0080044392726269,-0.00928576924029797
"ridge_cox",1437,-0.00666417957710565,0.00894280601282469,-0.0156069855899303
"ridge_cox",1438,0.00242329251990744,0.00875018258165134,-0.0063268900617439
"ridge_cox",1439,0.00491389157428688,0.00339968000683258,0.0015142115674543
"ridge_cox",1440,0.00204084412971518,0.00597069813221483,-0.00392985400249965
"ridge_cox",1441,0.0066883052755174,0.00996376124253541,-0.003275455967018
"ridge_cox",1442,-0.0166836407223003,0.00743383427146736,-0.0241174749937677
"ridge_cox",1443,-0.00547708169524421,0.00544031461863279,-0.010917396313877
"ridge_cox",1444,-0.0147279222979047,0.00031012647482696,-0.0150380487727316
"ridge_cox",1445,0.00464717044974818,0.00956039782904108,-0.0049132273792929
"ridge_cox",1446,-0.00891057462769706,0.0094281652101225,-0.0183387398378196
"ridge_cox",1447,-0.00995643464183049,0.00615674162611616,-0.0161131762679466
"ridge_cox",1448,-0.00417446227877433,0.00555876493836231,-0.00973322721713664
"ridge_cox",1449,0.00594858325915861,0.0140192589450475,-0.00807067568588887
"ridge_cox",1450,0.000754759398816364,0.0037702648079688,-0.00301550540915243
"ridge_cox",1451,0.002444953203491,0.00547947246518445,-0.00303451926169345
"ridge_cox",1452,0.00894280356131707,0.00794165686994209,0.00100114669137498
"ridge_cox",1453,0.0040734467526966,0.00290993160399566,0.00116351514870095
"ridge_cox",1454,-0.000370587818961416,0.00486476389447908,-0.0052353517134405
"ridge_cox",1455,-0.0075174317389927,0.0045110495283372,-0.0120284812673299
"ridge_cox",1456,-0.00128237307975564,0.00595277270186958,-0.00723514578162522
"ridge_cox",1457,-0.00786252906575415,0.00425541035319173,-0.0121179394189459
"ridge_cox",1458,0.00731900269292434,0.00683870897636539,0.00048029371655895
"ridge_cox",1459,-0.0051887672072941,0.00609515583472446,-0.0112839230420186
"ridge_cox",1460,-0.00418764354245839,0.00246192253599242,-0.0066495660784508
"ridge_cox",1461,-0.0017532416235608,0.00775010629377126,-0.00950334791733207
"ridge_cox",1462,0.0136183520196565,0.00917905322770651,0.00443929879195002
"ridge_cox",1463,0.00329979544535791,0.00608460929372207,-0.00278481384836416
"ridge_cox",1464,0.00404155412575371,0.00837735260485152,-0.0043357984790978
"ridge_cox",1465,-0.00448507298988334,0.00741361653642339,-0.0118986895263067
"ridge_cox",1466,0.0126607454901918,0.00747248735589984,0.00518825813429199
"ridge_cox",1467,-0.000682008980279694,0.0048291485599383,-0.005511157540218
"ridge_cox",1468,-0.000509855917820344,0.00918810001099878,-0.00969795592881912
"ridge_cox",1469,0.00700725257749809,0.0011995649571494,0.00580768762034869
"ridge_cox",1470,0.00150767982511975,0.00568471486546453,-0.00417703504034479
"ridge_cox",1471,0.00830743727915245,0.0094375214827717,-0.00113008420361926
"ridge_cox",1472,-0.00856052450336907,0.00615796410429717,-0.0147184886076662
"ridge_cox",1473,-0.00748954747603057,0.00388778833753367,-0.0113773358135642
"ridge_cox",1474,-0.00726086908682281,-0.00182440952008549,-0.00543645956673731
"ridge_cox",1475,0.00791123235014958,0.00723663010761045,0.000674602242539128
"ridge_cox",1476,0.000496661678125617,0.00382780390073778,-0.00333114222261217
"ridge_cox",1477,-0.000206514260897944,0.00668985736395493,-0.00689637162485288
"ridge_cox",1478,-0.0025355532743717,0.00679755843622474,-0.00933311171059644
"ridge_cox",1479,-0.00737026791188959,0.0062745156468672,-0.0136447835587568
"ridge_cox",1480,0.00810848156939317,0.00750723464309751,0.00060124692629566
"ridge_cox",1481,-0.007375476081471,0.00548216619804446,-0.0128576422795155
"ridge_cox",1482,0.0019405401517252,0.00767597464233537,-0.00573543449061017
"ridge_cox",1483,0.011548250131507,0.00908192298656343,0.00246632714494352
"ridge_cox",1484,-0.0119937612148463,0.00553286399609708,-0.0175266252109434
"ridge_cox",1485,0.0085533464599445,0.00974316155934239,-0.00118981509939789
"ridge_cox",1486,-0.00365392354949905,0.00388437477844643,-0.00753829832794549
"ridge_cox",1487,-0.00263052288285443,0.00579321344510368,-0.0084237363279581
"ridge_cox",1488,-0.00100113226475563,0.00802381049304447,-0.0090249427578001
"ridge_cox",1489,-0.0099610914498014,0.00764229723997604,-0.0176033886897774
"ridge_cox",1490,-0.00300531060541735,0.00659600703356316,-0.00960131763898051
"ridge_cox",1491,0.00579011370841559,0.00937465786701631,-0.00358454415860071
"ridge_cox",1492,-0.00675690760845754,0.00545509226983089,-0.0122119998782884
"ridge_cox",1493,-0.00851432905624904,0.00531755719712306,-0.0138318862533721
"ridge_cox",1494,0.000852859383781391,0.00434108129491964,-0.00348822191113824
"ridge_cox",1495,-0.0000568585008224837,0.00787257059486075,-0.00792942909568323
"ridge_cox",1496,-0.00256763777112862,0.00464066458761153,-0.00720830235874015
"ridge_cox",1497,-0.00386143377733086,0.00644676986712728,-0.0103082036444581
"ridge_cox",1498,0.00430107057984746,0.0075015726105624,-0.00320050203071495
"ridge_cox",1499,-0.00997160710157087,0.00784296529542035,-0.0178145723969912
"ridge_cox",1500,0.00562321658812566,0.00913292343514818,-0.00350970684702252
"ridge_cox",1501,0.00143022781212719,0.00818963389769168,-0.0067594060855645
"ridge_cox",1502,-0.00917705930327122,0.00436446487000969,-0.0135415241732809
"ridge_cox",1503,0.0101545912127132,0.00759089013274833,0.00256370107996491
"ridge_cox",1504,-0.00198146709537784,0.00532507406498215,-0.00730654116035999
"ridge_cox",1505,-0.00716386155470054,0.00251502244868869,-0.00967888400338923
"ridge_cox",1506,-0.00291773231676137,0.00156389168926957,-0.00448162400603094
"ridge_cox",1507,-0.00463768433878283,0.00601450251811815,-0.010652186856901
"ridge_cox",1508,0.00750652784473424,0.0093868311165787,-0.00188030327184446
"ridge_cox",1509,0.0027250603318412,0.00805326092944078,-0.00532820059759958
"ridge_cox",1510,0.000000195400959989762,0.010272409613142,-0.010272214212182
"ridge_cox",1511,-0.0014345634076235,0.00695461980144362,-0.00838918320906712
"ridge_cox",1512,0.00119950510495366,0.00794139452226284,-0.00674188941730918
"ridge_cox",1513,0.00572141524080134,0.0077026385393543,-0.00198122329855297
"ridge_cox",1514,0.00132103481397484,0.00523772839035411,-0.00391669357637926
"ridge_cox",1515,-0.00280622853962651,0.00742652881037598,-0.0102327573500025
"ridge_cox",1516,0.00030487566346975,0.00470832304565425,-0.0044034473821845
"ridge_cox",1517,0.00556968369257434,0.00824814615167446,-0.00267846245910012
"ridge_cox",1518,0.00435907364059804,0.0105112308910253,-0.00615215725042728
"ridge_cox",1519,-0.00533191051410718,0.00617620264454101,-0.0115081131586482
"ridge_cox",1520,0.000674470491476218,0.00877359007839061,-0.0080991195869144
"ridge_cox",1521,0.000815578402795094,0.00812793369765441,-0.00731235529485932
"ridge_cox",1522,-0.000133353207278533,0.00267975191612053,-0.00281310512339906
"ridge_cox",1523,0.00179516437819667,0.00670308529349176,-0.0049079209152951
"ridge_cox",1524,-0.012834727127761,0.0075021644053769,-0.0203368915331379
"ridge_cox",1525,0.00230280598576114,0.00771705017012911,-0.00541424418436797
"ridge_cox",1526,0.00470472713436215,0.0120114169762183,-0.00730668984185613
"ridge_cox",1527,0.00417079236430332,0.00949651316348003,-0.0053257207991767
"ridge_cox",1528,-0.00911440536427236,0.00650423851571886,-0.0156186438799912
"ridge_cox",1529,-0.00048613257120972,0.00781276389571845,-0.00829889646692817
"ridge_cox",1530,0.000535739400316546,0.00769429548556384,-0.0071585560852473
"ridge_cox",1531,-0.00650178826424235,0.00834952786958628,-0.0148513161338286
"ridge_cox",1532,-0.0155744693404999,0.00724834133283933,-0.0228228106733392
"ridge_cox",1533,0.00277186969705201,0.00945189804083815,-0.00668002834378614
"ridge_cox",1534,-0.00151361946926935,0.0110265694176164,-0.0125401888868857
"ridge_cox",1535,0.00182649574475674,0.00845925238156393,-0.00663275663680719
"ridge_cox",1536,0.00243574507506206,0.00783175964839731,-0.00539601457333525
"ridge_cox",1537,0.00251721744423821,0.00640281473093792,-0.00388559728669972
"ridge_cox",1538,-0.00161988971389583,0.00690635814157158,-0.00852624785546741
"ridge_cox",1539,0.00152615052209171,0.00806577232684814,-0.00653962180475644
"ridge_cox",1540,0.00735119527319594,0.00717823681421001,0.000172958458985933
"ridge_cox",1541,-0.0066620547746446,0.00315501221795132,-0.00981706699259592
"ridge_cox",1542,-0.00249475979637307,0.0070143019644714,-0.00950906176084446
"ridge_cox",1543,-0.00010478468075075,0.0034393581850922,-0.00354414286584295
"ridge_cox",1544,-0.00737243823054346,0.00709319093250373,-0.0144656291630472
"ridge_cox",1545,-0.00480999731336495,0.00914934673399474,-0.0139593440473597
"ridge_cox",1546,0.0062635811918523,0.00925348905297496,-0.00298990786112266
"ridge_cox",1547,0.000515561610727342,0.00486758538422564,-0.0043520237734983
"ridge_cox",1548,-0.00132246647623928,0.00749126216823154,-0.00881372864447082
"ridge_cox",1549,-0.0063957088959924,0.0114004595403535,-0.0177961684363459
"ridge_cox",1550,0.000235267344633228,0.00377038141731729,-0.00353511407268406
"ridge_cox",1551,-0.0141208290100236,0.0105522745115561,-0.0246731035215797
"ridge_cox",1552,0.00425550721628737,0.00920989086480859,-0.00495438364852122
"ridge_cox",1553,-0.0109158980118853,0.00227039213512692,-0.0131862901470122
"ridge_cox",1554,-0.00541628511286604,0.00412153093498355,-0.00953781604784959
"ridge_cox",1555,-0.00429185111659776,0.0100783734819984,-0.0143702245985962
"ridge_cox",1556,-0.00632510712503254,0.00126411631380637,-0.00758922343883891
"ridge_cox",1557,0.00648928716241494,0.00877436990936526,-0.00228508274695032
"ridge_cox",1558,-0.00192764557613545,0.00389072209704726,-0.00581836767318271
"ridge_cox",1559,0.00030456212086632,0.00851520478570941,-0.00821064266484309
"ridge_cox",1560,-0.00450505397378448,0.00688108659702582,-0.0113861405708103
"ridge_cox",1561,-0.000422149632412909,0.00669157122122821,-0.00711372085364112
"ridge_cox",1562,-0.00609188980024655,0.00697334490649596,-0.0130652347067425
"ridge_cox",1563,-0.00178545528372385,0.00776442703151004,-0.00954988231523389
"ridge_cox",1564,0.00294477605604684,0.0104748298657947,-0.00753005380974784
"ridge_cox",1565,-0.00881454390142554,0.00456177419361668,-0.0133763180950422
"ridge_cox",1566,0.00940472769811033,0.00914462155373253,0.000260106144377797
"ridge_cox",1567,0.0017875797392474,0.00840574495120262,-0.00661816521195522
"ridge_cox",1568,-0.00583200015277254,0.00437090329368383,-0.0102029034464564
"ridge_cox",1569,-0.0034015002950736,0.00825657414267636,-0.01165807443775
"ridge_cox",1570,0.00180040593110081,0.00492391352398785,-0.00312350759288704
"ridge_cox",1571,-0.00841597589865437,0.0036481083126709,-0.0120640842113253
"ridge_cox",1572,-0.00103932863775845,0.00846968135244395,-0.0095090099902024
"ridge_cox",1573,-0.00912948788289406,0.00454955587545658,-0.0136790437583506
"ridge_cox",1574,-0.00286857543002987,0.0049732472890849,-0.00784182271911477
"ridge_cox",1575,0.00184204910794092,0.00906668869228255,-0.00722463958434163
"ridge_cox",1576,-0.00576912905792964,0.00400359329751307,-0.00977272235544271
"ridge_cox",1577,-0.0082546053729799,0.00435141137264998,-0.0126060167456299
"ridge_cox",1578,0.00438823172269654,0.00718263053308882,-0.00279439881039228
"ridge_cox",1579,-0.00503344585920945,0.0076708001614673,-0.0127042460206768
"ridge_cox",1580,0.00254247300726083,0.012040367944059,-0.00949789493679812
"ridge_cox",1581,-0.00378466970714104,0.00596757383473179,-0.00975224354187283
"ridge_cox",1582,-0.0037437337262726,0.00282597957001483,-0.00656971329628742
"ridge_cox",1583,0.00239494419023286,0.00388121799693848,-0.00148627380670562
"ridge_cox",1584,-0.00307145896599748,0.0102720557424242,-0.0133435147084217
"ridge_cox",1585,-0.00463946888768494,0.00733693650125583,-0.0119764053889408
"ridge_cox",1586,-0.00743027618629977,0.00555290635089372,-0.0129831825371935
"ridge_cox",1587,-0.00273406282150442,0.00511145747054229,-0.0078455202920467
"ridge_cox",1588,0.00360794415722461,0.0106527460578402,-0.00704480190061561
"ridge_cox",1589,0.00341114180510765,0.00433259392794381,-0.000921452122836158
"ridge_cox",1590,-0.0103572074559181,0.00510783593226785,-0.015465043388186
"ridge_cox",1591,-0.00675679976657604,0.00369403357052944,-0.0104508333371055
"ridge_cox",1592,0.00164076292176878,0.00726306029542868,-0.0056222973736599
"ridge_cox",1593,-0.00180431554116206,0.00324446327789681,-0.00504877881905887
"ridge_cox",1594,-0.0112912179468934,0.00394833930598033,-0.0152395572528737
"ridge_cox",1595,0.00358316276326893,0.0128547771781197,-0.00927161441485074
"ridge_cox",1596,-0.00100472961581186,0.00518773519391818,-0.00619246480973004
"ridge_cox",1597,-0.005232524470873,0.00950834118560309,-0.0147408656564761
"ridge_cox",1598,-0.00219077431511967,0.00589903488989819,-0.00808980920501786
"ridge_cox",1599,-0.00034630313930655,0.0114440299768289,-0.0117903331161355
"ridge_cox",1600,0.00329523288266159,0.00851623564644803,-0.00522100276378645
"ridge_cox",1601,0.0053585798600967,0.0101889314393117,-0.00483035157921497
"ridge_cox",1602,0.00466001393008902,0.00767703350109636,-0.00301701957100734
"ridge_cox",1603,0.00596009661719088,0.00903010563894442,-0.00307000902175354
"ridge_cox",1604,-0.00529550551217026,0.00637121674662352,-0.0116667222587938
"ridge_cox",1605,0.0060743791482405,0.00904682507723415,-0.00297244592899365
"ridge_cox",1606,-0.00396329593336818,0.0103060425970747,-0.0142693385304428
"ridge_cox",1607,0.00179339036528134,0.00732906882537963,-0.00553567846009829
"ridge_cox",1608,0.00572634641255257,0.00854785604920384,-0.00282150963665126
"ridge_cox",1609,0.00299388081259959,0.00694942313665072,-0.00395554232405113
"ridge_cox",1610,-0.00837244828413818,0.0092725936248981,-0.0176450419090363
"ridge_cox",1611,-0.00774613559345121,0.00246462393051227,-0.0102107595239635
"ridge_cox",1612,-0.00171492911985195,0.0068732360153854,-0.00858816513523735
"ridge_cox",1613,-0.00284343344728879,0.00737476623331124,-0.0102181996806
"ridge_cox",1614,-0.000792202099292008,0.00767038395557593,-0.00846258605486794
"ridge_cox",1615,-0.00573501078641625,0.0014138509706298,-0.00714886175704605
"ridge_cox",1616,0.00223326197960126,0.00696338264533472,-0.00473012066573346
"ridge_cox",1617,-0.000270332430703891,0.00525755756635838,-0.00552788999706227
"ridge_cox",1618,-0.00396038775025357,0.0057110661817254,-0.00967145393197897
"ridge_cox",1619,0.00324309089584978,0.0073837188795271,-0.00414062798367733
"ridge_cox",1620,-0.00445339815901292,0.00739998005304376,-0.0118533782120567
"ridge_cox",1621,0.00259985673231522,0.00633190254961619,-0.00373204581730097
"ridge_cox",1622,-0.0036834010584752,0.00486359186095673,-0.00854699291943194
"ridge_cox",1623,0.0055400714264841,0.0102202459016415,-0.00468017447515741
"ridge_cox",1624,0.00293584064253504,0.00575085346955717,-0.00281501282702213
"ridge_cox",1625,-0.00675154273174218,0.00730218091846279,-0.014053723650205
"ridge_cox",1626,0.00185473613496992,0.00666090117045245,-0.00480616503548253
"ridge_cox",1627,0.00760388405705297,0.00889970789576125,-0.00129582383870827
"ridge_cox",1628,0.00289945946479404,0.0070582357516581,-0.00415877628686406
"ridge_cox",1629,-0.00203680855976097,0.0060436757658881,-0.00808048432564907
"ridge_cox",1630,0.00187762376034781,0.00876381254157371,-0.0068861887812259
"ridge_cox",1631,-0.000984296480392469,0.0076129292595257,-0.00859722573991817
"ridge_cox",1632,-0.0067781616526554,0.00778422349267075,-0.0145623851453261
"ridge_cox",1633,-0.0070511614433767,0.0041000708287626,-0.0111512322721393
"ridge_cox",1634,-0.00476461342066452,0.00977745902499248,-0.014542072445657
"ridge_cox",1635,0.00122580513432574,0.00887931219984333,-0.00765350706551759
"ridge_cox",1636,-0.0117071064160757,0.00311122489160309,-0.0148183313076788
"ridge_cox",1637,-0.00176536913899349,0.00217673410826738,-0.00394210324726087
"ridge_cox",1638,-0.00147308181014369,0.00579289584783594,-0.00726597765797963
"ridge_cox",1639,-0.0062354545185006,0.00462606761662624,-0.0108615221351268
"ridge_cox",1640,-0.00292492228656501,0.00609936739104351,-0.00902428967760852
"ridge_cox",1641,0.00114318467885639,0.0124734134861219,-0.0113302288072655
"ridge_cox",1642,-0.00276398224813427,0.00565112498314449,-0.00841510723127876
"ridge_cox",1643,0.00346065280135609,0.00837232469837506,-0.00491167189701897
"ridge_cox",1644,-0.00402094135500876,0.00593095981288154,-0.0099519011678903
"ridge_cox",1645,-0.00127292262453716,0.00479921887402603,-0.00607214149856319
"ridge_cox",1646,0.00244425964500978,0.00707560729075002,-0.00463134764574024
"ridge_cox",1647,-0.00274399809971191,0.00753325369153024,-0.0102772517912421
"ridge_cox",1648,-0.00702207843024074,0.00484079129709985,-0.0118628697273406
"ridge_cox",1649,-0.00111425420535062,0.0075027501581063,-0.00861700436345692
"ridge_cox",1650,-0.0104533098293386,0.00143763341247499,-0.0118909432418136
"ridge_cox",1651,-0.00282702532850179,0.00950233998943796,-0.0123293653179397
"ridge_cox",1652,-0.00454014281027834,0.00683202192546692,-0.0113721647357453
"ridge_cox",1653,-0.00821863554613347,0.00435466160943664,-0.0125732971555701
"ridge_cox",1654,-0.00718560796145682,0.00780489729620937,-0.0149905052576662
"ridge_cox",1655,-0.00622799535929805,0.00869613775143402,-0.0149241331107321
"ridge_cox",1656,-0.00737879513068221,0.00771568766131879,-0.015094482792001
"ridge_cox",1657,0.00292822794373218,0.00697627377397452,-0.00404804583024234
"ridge_cox",1658,-0.0149352070751596,0.0047029905154557,-0.0196381975906153
"ridge_cox",1659,0.00209419485049845,0.00763265514010521,-0.00553846028960676
"ridge_cox",1660,0.0022576305257979,0.00877246746527608,-0.00651483693947818
"ridge_cox",1661,-0.00475857807506509,0.00765652605440999,-0.0124151041294751
"ridge_cox",1662,-0.00810281184410621,0.00190739335695012,-0.0100102052010563
"ridge_cox",1663,-0.00293502496492514,0.000907483191074811,-0.00384250815599995
"ridge_cox",1664,0.00341052972013197,0.0078873716145186,-0.00447684189438663
"ridge_cox",1665,-0.00566572268404003,0.00331253570516316,-0.00897825838920318
"ridge_cox",1666,0.00163134273874993,0.00313386751800004,-0.00150252477925011
"ridge_cox",1667,0.00120559335706335,0.00946180734263379,-0.00825621398557044
"ridge_cox",1668,-0.00115695329556764,0.00549500119828253,-0.00665195449385018
"ridge_cox",1669,-0.00197829006520226,0.00609196947264218,-0.00807025953784444
"ridge_cox",1670,-0.00673887158242821,0.00385464432880804,-0.0105935159112363
"ridge_cox",1671,-0.00378803760962863,0.00539353808422951,-0.00918157569385814
"ridge_cox",1672,-0.00274937263463265,0.0035016170511119,-0.00625098968574456
"ridge_cox",1673,-0.00169262454873902,0.00458778590628836,-0.00628041045502738
"ridge_cox",1674,-0.0140247459289458,0.00345682199859907,-0.0174815679275449
"ridge_cox",1675,0.0025457086041406,0.00721750381683268,-0.00467179521269208
"ridge_cox",1676,0.00136764913121165,0.00731610502061286,-0.00594845588940121
"ridge_cox",1677,-0.000114134357111708,0.00835447570973104,-0.00846861006684275
"ridge_cox",1678,-0.00654619305665835,0.005817706417471,-0.0123638994741293
"ridge_cox",1679,-0.0087262764272491,0.0100354136952081,-0.0187616901224572
"ridge_cox",1680,0.00683467582480203,0.00134479952387146,0.00548987630093057
"ridge_cox",1681,0.00118549921972278,0.00434838995793379,-0.00316289073821101
"ridge_cox",1682,-0.00417983620468528,0.00432339941335387,-0.00850323561803915
"ridge_cox",1683,-0.0036976896985787,0.00623513198389312,-0.00993282168247183
"ridge_cox",1684,-0.00628766508266687,0.00807365966311817,-0.014361324745785
"ridge_cox",1685,0.00094587907972963,0.00591787779728986,-0.00497199871756023
"ridge_cox",1686,0.00384539292436462,0.00666175852483683,-0.0028163656004722
"ridge_cox",1687,-0.00685271183657873,0.00571356808056365,-0.0125662799171424
"ridge_cox",1688,-0.00242997062334031,0.00506791595686673,-0.00749788658020703
"ridge_cox",1689,-0.00413370264231765,0.00763272583238228,-0.0117664284746999
"ridge_cox",1690,-0.00618775506985176,0.00452134877058769,-0.0107091038404395
"ridge_cox",1691,-0.00406208860702928,0.0104353688560757,-0.014497457463105
"ridge_cox",1692,0.00110386324664843,0.00658041070208741,-0.00547654745543898
"ridge_cox",1693,-0.00192144277540261,0.0119324994098406,-0.0138539421852432
"ridge_cox",1694,-0.004597856971813,0.0120327770747856,-0.0166306340465986
"ridge_cox",1695,-0.000975399649324314,0.00820046998093994,-0.00917586963026425
"ridge_cox",1696,-0.00791170485272,0.00502057074971197,-0.012932275602432
"ridge_cox",1697,0.000134748985098084,0.00874386082738718,-0.00860911184228909
"ridge_cox",1698,0.00493283067890215,0.00765357673458958,-0.00272074605568743
"ridge_cox",1699,-0.00174254975009876,0.00644478881815222,-0.00818733856825098
"ridge_cox",1700,0.00199650045827229,0.00664153981603122,-0.00464503935775893
"ridge_cox",1701,-0.000513317512392138,0.00706366704410104,-0.00757698455649318
"ridge_cox",1702,0.000750790182295078,0.00396943566314361,-0.00321864548084853
"ridge_cox",1703,-0.00788335726178582,0.00255431467779081,-0.0104376719395766
"ridge_cox",1704,-0.004058955006868,0.00607126818867046,-0.0101302231955385
"ridge_cox",1705,-0.00646738177167771,0.00431720129509031,-0.010784583066768
"ridge_cox",1706,-0.010955754522959,0.00881481202416818,-0.0197705665471272
"ridge_cox",1707,0.00424362326856108,0.00633940901297825,-0.00209578574441716
"ridge_cox",1708,0.00639670728690531,0.0100671088417384,-0.00367040155483314
"ridge_cox",1709,0.0000212007906020185,0.00898481795537107,-0.00896361716476905
"ridge_cox",1710,0.00147079679937748,0.00424705975539446,-0.00277626295601699
"ridge_cox",1711,-0.00134695258929909,0.00770918943070039,-0.00905614201999948
"ridge_cox",1712,0.00100064206149287,0.00988460427358966,-0.00888396221209679
"ridge_cox",1713,-0.00342092095132017,0.00479047027423266,-0.00821139122555283
"ridge_cox",1714,0.00159548023269358,0.00888574793062556,-0.00729026769793199
"ridge_cox",1715,0.00130745627012626,0.00481538593539954,-0.00350792966527328
"ridge_cox",1716,-0.00740637140477263,0.00749761707828626,-0.0149039884830589
"ridge_cox",1717,-0.000998631218366247,0.0042531935979973,-0.00525182481636355
"ridge_cox",1718,-0.00209626253501622,0.0042366291321116,-0.00633289166712782
"ridge_cox",1719,-0.00601370427076415,0.00730489095048346,-0.0133185952212476
"ridge_cox",1720,-0.0019410111088919,0.00892378803099313,-0.010864799139885
"ridge_cox",1721,-0.000706116909368629,0.00934282583324523,-0.0100489427426139
"ridge_cox",1722,-0.0113946284564374,0.00791322877952762,-0.019307857235965
"ridge_cox",1723,0.006363802550559,0.00472074293226447,0.00164305961829453
"ridge_cox",1724,0.000644405982407604,0.00889383629207018,-0.00824943030966258
"ridge_cox",1725,-0.00822009697690044,0.00773106399194157,-0.015951160968842
"ridge_cox",1726,-0.000320969250213254,0.00605894548472105,-0.00637991473493431
"ridge_cox",1727,0.00250514208497088,0.0080884971031937,-0.00558335501822283
"ridge_cox",1728,-0.000953664152163875,0.00760815233588486,-0.00856181648804874
"ridge_cox",1729,-0.00195917376596049,0.00870017286355117,-0.0106593466295117
"ridge_cox",1730,-0.00163763781703088,0.00229218035575597,-0.00392981817278685
"ridge_cox",1731,-0.0102708497844854,0.00598956245529248,-0.0162604122397779
"ridge_cox",1732,0.000508773040620615,0.0099335683022981,-0.00942479526167748
"ridge_cox",1733,0.00677099223010372,0.0107774819919132,-0.00400648976180948
"ridge_cox",1734,-0.00315180944809106,0.00910083708502587,-0.0122526465331169
"ridge_cox",1735,0.000954951595128655,0.00415963627212725,-0.00320468467699859
"ridge_cox",1736,-0.00753299940211543,0.00738219779065223,-0.0149151971927677
"ridge_cox",1737,0.00268225619293112,0.0103465614360705,-0.00766430524313941
"ridge_cox",1738,-0.00920591773043004,0.0053895460066918,-0.0145954637371218
"ridge_cox",1739,-0.00687009465418506,0.00389254974665972,-0.0107626444008448
"ridge_cox",1740,0.00682370321037107,0.00563531189526557,0.0011883913151055
"ridge_cox",1741,0.00234827198706179,0.00550545904295925,-0.00315718705589745
"ridge_cox",1742,0.00653971348923787,0.012141810661737,-0.00560209717249912
"ridge_cox",1743,-0.00367423878074978,0.00590230592245116,-0.00957654470320093
"ridge_cox",1744,0.000539325513887518,0.00375726854300402,-0.0032179430291165
"ridge_cox",1745,-0.00605914292388125,0.00358150226410052,-0.00964064518798177
"ridge_cox",1746,-0.00373208547653003,0.00688966320175637,-0.0106217486782864
"ridge_cox",1747,-0.00475167133638748,0.00535395361109062,-0.0101056249474781
"ridge_cox",1748,0.00438065809338972,0.00932647755356442,-0.0049458194601747
"ridge_cox",1749,0.00188479878680189,0.00734843554397438,-0.00546363675717249
"ridge_cox",1750,0.00862655674863059,0.00917971568172994,-0.000553158933099356
"ridge_cox",1751,0.00125042056095082,0.0074801517199895,-0.00622973115903868
"ridge_cox",1752,0.00123902899936745,0.0110852016795887,-0.0098461726802213
"ridge_cox",1753,-0.000530661339949322,0.0107442115552731,-0.0112748728952224
"ridge_cox",1754,0.00506226803874928,0.0111355308125275,-0.00607326277377822
"ridge_cox",1755,-0.00195013872693518,0.00610701970329253,-0.00805715843022771
"ridge_cox",1756,0.00402953134747821,0.00742632688007651,-0.00339679553259831
"ridge_cox",1757,-0.00501180607377487,0.00807866303699393,-0.0130904691107688
"ridge_cox",1758,-0.00981182536029913,0.00465341831684973,-0.0144652436771489
"ridge_cox",1759,-0.00257960457442339,0.00697550048101903,-0.00955510505544243
"ridge_cox",1760,-0.00360756531780154,0.00634167347568169,-0.00994923879348323
"ridge_cox",1761,0.0157016196528583,0.0123442755411009,0.00335734411175738
"ridge_cox",1762,0.0032931018280723,0.00611186918437492,-0.00281876735630262
"ridge_cox",1763,0.00723198812924798,0.0051308482827955,0.00210113984645248
"ridge_cox",1764,0.00434634363279212,0.0131314784473826,-0.00878513481459049
"ridge_cox",1765,0.0142693117582686,0.00902936462319336,0.00523994713507527
"ridge_cox",1766,-0.00675660663359509,0.00430478747653364,-0.0110613941101287
"ridge_cox",1767,-0.00232127352784148,0.00407405674063925,-0.00639533026848073
"ridge_cox",1768,-0.003179001639808,0.00732924305445433,-0.0105082446942623
"ridge_cox",1769,-0.002259820152581,0.00896031114034219,-0.0112201312929232
"ridge_cox",1770,-0.00534067900390084,0.00707345018618298,-0.0124141291900838
"ridge_cox",1771,-0.00515928165355238,0.00840516233863757,-0.0135644439921899
"ridge_cox",1772,0.0035041463135263,0.0108179806038111,-0.0073138342902848
"ridge_cox",1773,-0.0089513060252241,0.0047420256535945,-0.0136933316788186
"ridge_cox",1774,-0.00516609775736458,0.00488632806234155,-0.0100524258197061
"ridge_cox",1775,-0.00894991178463454,0.00526557463063002,-0.0142154864152646
"ridge_cox",1776,-0.00414827873329883,0.00746508546759766,-0.0116133642008965
"ridge_cox",1777,-0.00180766889916888,0.00543090414661334,-0.00723857304578222
"ridge_cox",1778,0.00304048347316598,0.00933688318128942,-0.00629639970812344
"ridge_cox",1779,-0.00415069769410162,0.00394483135863453,-0.00809552905273615
"ridge_cox",1780,-0.00439412990027295,0.00809067756696621,-0.0124848074672392
"ridge_cox",1781,-0.0101006056969545,0.00527116969823709,-0.0153717753951916
"ridge_cox",1782,0.00235208119106648,0.00219304737944458,0.000159033811621901
"ridge_cox",1783,-0.0103211691181364,0.00276621526112323,-0.0130873843792597
"ridge_cox",1784,-0.00375443367857859,0.00170566099623884,-0.00546009467481743
"ridge_cox",1785,0.00313806412440768,0.00821968089021866,-0.00508161676581098
"ridge_cox",1786,0.00230747163606492,0.00547443011827263,-0.00316695848220771
"ridge_cox",1787,-0.00830445060362846,0.00595897877854869,-0.0142634293821772
"ridge_cox",1788,-0.00251253298017,0.00128847791397114,-0.00380101089414114
"ridge_cox",1789,-0.00846986348150985,0.00779422980702616,-0.016264093288536
"ridge_cox",1790,0.00163576483316347,0.00727388231879486,-0.00563811748563139
"ridge_cox",1791,-0.00189362673947389,0.00319473556096677,-0.00508836230044066
"ridge_cox",1792,-0.00143782631862944,0.00800001124072442,-0.00943783755935386
"ridge_cox",1793,0.000875757870607023,0.00149668729358336,-0.000620929422976335
"ridge_cox",1794,0.00111085122024078,0.011226063887826,-0.0101152126675853
"ridge_cox",1795,0.00398814147202532,0.0119717463902324,-0.00798360491820709
"ridge_cox",1796,-0.00894307736496854,0.00580702464061593,-0.0147501020055845
"ridge_cox",1797,0.000723397627758755,0.0119255098109618,-0.011202112183203
"ridge_cox",1798,-0.0025907623723079,0.00523311637185841,-0.00782387874416631
"ridge_cox",1799,-0.00181127810069224,0.00918441622688987,-0.0109956943275821
"ridge_cox",1800,-0.00455898301276116,0.00155978046929674,-0.0061187634820579
"ridge_cox",1801,-0.00514918630668755,0.0100210354442383,-0.0151702217509259
"ridge_cox",1802,0.00158183622693826,0.0130797104599265,-0.0114978742329883
"ridge_cox",1803,-0.00534834135648938,0.00477484858217209,-0.0101231899386615
"ridge_cox",1804,0.00961835705314744,0.0124892770219938,-0.0028709199688464
"ridge_cox",1805,0.00076281198646362,0.0078560283176942,-0.00709321633123058
"ridge_cox",1806,0.00831630196117641,0.00651059314083365,0.00180570882034275
"ridge_cox",1807,0.000512241438941973,0.00629405451964915,-0.00578181308070718
"ridge_cox",1808,-0.00635955702402658,0.00170306932555573,-0.00806262634958231
"ridge_cox",1809,-0.00194786470312084,0.00774407432436253,-0.00969193902748336
"ridge_cox",1810,-0.00423903969808165,0.00637590450704998,-0.0106149442051316
"ridge_cox",1811,0.00571829526924812,0.0112875851625852,-0.00556928989333707
"ridge_cox",1812,0.00128399520937604,0.00505767206776882,-0.00377367685839278
"ridge_cox",1813,-0.00118218780375416,0.00620893203594163,-0.00739111983969579
"ridge_cox",1814,-0.000896891438100504,0.00509925898394272,-0.00599615042204322
"ridge_cox",1815,-0.00021173471973939,0.00734160670760102,-0.00755334142734041
"ridge_cox",1816,0.00562978106541581,0.00657611092731131,-0.000946329861895502
"ridge_cox",1817,0.00130848953794801,0.00573711449491332,-0.00442862495696531
"ridge_cox",1818,0.00177200202034627,0.00603192099268119,-0.00425991897233492
"ridge_cox",1819,0.000868495476380064,0.00880522327839355,-0.00793672780201349
"ridge_cox",1820,-0.00262636047509038,0.00991913942991926,-0.0125454999050096
"ridge_cox",1821,0.00162083760316496,0.00850311419215232,-0.00688227658898736
"ridge_cox",1822,0.00188378738481168,0.00419160332339571,-0.00230781593858403
"ridge_cox",1823,0.00260636396787643,0.00737845188267586,-0.00477208791479944
"ridge_cox",1824,-0.00228581339119668,0.0079435480019357,-0.0102293613931324
"ridge_cox",1825,0.000768909536336632,0.00757464186808697,-0.00680573233175033
"ridge_cox",1826,-0.00555794710014126,0.00612800664820119,-0.0116859537483424
"ridge_cox",1827,-0.00436270227758205,0.00154610867672573,-0.00590881095430778
"ridge_cox",1828,-0.00837239928778436,0.00718682826512669,-0.0155592275529111
"ridge_cox",1829,0.00252305835571214,0.00574845238901663,-0.00322539403330449
"ridge_cox",1830,0.0121923157384949,0.00764212433505953,0.00455019140343532
"ridge_cox",1831,-0.00570984729762444,0.00356367158059369,-0.00927351887821813
"ridge_cox",1832,0.0107167615869984,0.00293642275592612,0.00778033883107231
"ridge_cox",1833,-0.00767577188872605,0.00336465335897668,-0.0110404252477027
"ridge_cox",1834,0.000951812005652253,0.00583731274707062,-0.00488550074141837
"ridge_cox",1835,-0.00265330873953682,0.00434117894559646,-0.00699448768513328
"ridge_cox",1836,0.000262388541663675,0.00275968739398363,-0.00249729885231996
"ridge_cox",1837,0.000473428016411597,0.00715376609570893,-0.00668033807929734
"ridge_cox",1838,-0.00538874449811567,0.00470439013972118,-0.0100931346378368
"ridge_cox",1839,-0.00456607413700763,0.00471747660128751,-0.00928355073829513
"ridge_cox",1840,-0.00712264972176037,0.0077572310928036,-0.014879880814564
"ridge_cox",1841,0.00684004831056989,0.00761798153063795,-0.000777933220068068
"ridge_cox",1842,-0.00080464104109909,0.00898076079918215,-0.00978540184028124
"ridge_cox",1843,0.00364598935951306,0.00482373043483681,-0.00117774107532375
"ridge_cox",1844,-0.00611658180082315,0.00726424557505856,-0.0133808273758817
"ridge_cox",1845,-0.000775240126444299,0.0076172366973615,-0.0083924768238058
"ridge_cox",1846,0.00133598482920883,0.00574346639304475,-0.00440748156383593
"ridge_cox",1847,0.00362582889136837,0.0106396518579779,-0.00701382296660949
"ridge_cox",1848,-0.00397236946702221,0.010202352202814,-0.0141747216698362
"ridge_cox",1849,0.00780548263756474,0.00876409111552271,-0.000958608477957968
"ridge_cox",1850,0.00413530633427122,0.00794959684473218,-0.00381429051046096
"ridge_cox",1851,0.00278490246243584,0.00807925563057127,-0.00529435316813543
"ridge_cox",1852,0.00481369629522048,0.00879783739343075,-0.00398414109821026
"ridge_cox",1853,-0.0087741894029466,0.00404583432258492,-0.0128200237255315
"ridge_cox",1854,-0.0030241748757303,0.00446859491231899,-0.00749276978804929
"ridge_cox",1855,-0.00376092776057651,0.00120796907823883,-0.00496889683881534
"ridge_cox",1856,-0.00427540714328466,0.00478333328182512,-0.00905874042510978
"ridge_cox",1857,-0.0000410818845484436,0.00953043510808632,-0.00957151699263476
"ridge_cox",1858,0.00356029818661681,0.0101196537327395,-0.00655935554612267
"ridge_cox",1859,0.00834077808167243,0.0061928795310039,0.00214789855066853
"ridge_cox",1860,0.00238231547154467,0.0101481486205377,-0.00776583314899298
"ridge_cox",1861,-0.00344057334440314,0.0085164655210845,-0.0119570388654876
"ridge_cox",1862,0.00655710659474668,0.00848836156188807,-0.00193125496714139
"ridge_cox",1863,-0.005793343665675,0.0142423187893313,-0.0200356624550063
"ridge_cox",1864,-0.00724908673902837,0.00676569652749648,-0.0140147832665249
"ridge_cox",1865,-0.00725481529305402,0.00799296878811163,-0.0152477840811656
"ridge_cox",1866,-0.00896248761209452,0.0046845999643369,-0.0136470875764314
"ridge_cox",1867,-0.00410422127185808,0.00606110698552492,-0.010165328257383
"ridge_cox",1868,-0.0070845118709196,0.00843791718628493,-0.0155224290572045
"ridge_cox",1869,0.00501291342408257,0.0062329627525902,-0.00122004932850764
"ridge_cox",1870,-0.00128427735377162,0.00941690807400491,-0.0107011854277765
"ridge_cox",1871,-0.00511235342711858,0.00881515952254344,-0.013927512949662
"ridge_cox",1872,-0.009039168613807,0.00133249984002255,-0.0103716684538296
"ridge_cox",1873,-0.00496180998092797,0.00578072396620348,-0.0107425339471314
"ridge_cox",1874,-0.0085590400554878,0.00156516850236098,-0.0101242085578488
"ridge_cox",1875,0.00524318172968932,0.0105708355770743,-0.00532765384738498
"ridge_cox",1876,-0.00370261636397633,0.00664121965816304,-0.0103438360221394
"ridge_cox",1877,0.0111575381265919,0.0118362421635334,-0.000678704036941487
"ridge_cox",1878,0.00626962840330344,0.00584440195475693,0.000425226448546508
"ridge_cox",1879,-0.00383316090766038,0.00317327114769362,-0.007006432055354
"ridge_cox",1880,-0.0124161375344019,0.00553735436872698,-0.0179534919031289
"ridge_cox",1881,0.00306033667879844,0.0064420565916972,-0.00338171991289876
"ridge_cox",1882,-0.000404603902537321,0.00568264043659485,-0.00608724433913218
"ridge_cox",1883,-0.0102101000161194,0.00554182092311262,-0.015751920939232
"ridge_cox",1884,-0.00162304223409478,0.00988871187369338,-0.0115117541077882
"ridge_cox",1885,0.00169424145954725,0.00652806311672108,-0.00483382165717383
"ridge_cox",1886,0.00493553270884794,0.0105618597100054,-0.00562632700115742
"ridge_cox",1887,-0.00966543819664641,0.00407054273493211,-0.0137359809315785
"ridge_cox",1888,0.00217759934899686,0.00798263327802169,-0.00580503392902483
"ridge_cox",1889,-0.0050096556130202,0.00359214690924218,-0.00860180252226237
"ridge_cox",1890,0.00686938144149425,0.00909793325330971,-0.00222855181181546
"ridge_cox",1891,-0.000944007109373439,0.00735385561163807,-0.00829786272101151
"ridge_cox",1892,0.000378382183585846,0.00721481760624694,-0.00683643542266109
"ridge_cox",1893,0.00562232030054993,0.00924674286166537,-0.00362442256111545
"ridge_cox",1894,-0.0138158327075115,0.00505356471806721,-0.0188693974255787
"ridge_cox",1895,0.00248565804070208,0.00769032331629686,-0.00520466527559478
"ridge_cox",1896,-0.000358992779300985,0.00469060845490926,-0.00504960123421024
"ridge_cox",1897,0.00736027817514989,0.0100002140386091,-0.00263993586345925
"ridge_cox",1898,-0.0060011375976232,0.00549385611909321,-0.0114949937167164
"ridge_cox",1899,0.00586808778010252,0.00800883959797412,-0.0021407518178716
"ridge_cox",1900,-0.00397805733614655,0.00582241067655449,-0.00980046801270103
"ridge_cox",1901,0.00254453454267902,0.00489728333243227,-0.00235274878975325
"ridge_cox",1902,-0.00329357946089083,0.00491011173734722,-0.00820369119823805
"ridge_cox",1903,-0.00719245792621738,0.00801905109954888,-0.0152115090257663
"ridge_cox",1904,0.00674606864538154,0.00444141417933897,0.00230465446604257
"ridge_cox",1905,0.0112654025448986,0.0137267128822051,-0.00246131033730657
"ridge_cox",1906,-0.000126584340118372,0.00554601584332441,-0.00567260018344279
"ridge_cox",1907,-0.00522446356070628,0.0088037357346714,-0.0140281992953777
"ridge_cox",1908,0.00051465318344778,0.00628373719003822,-0.00576908400659045
"ridge_cox",1909,0.00034148871393575,0.00589737725718031,-0.00555588854324456
"ridge_cox",1910,-0.0125528014024021,0.00665998459998305,-0.0192127860023851
"ridge_cox",1911,0.0000131881379045386,0.00982387248467575,-0.00981068434677121
"ridge_cox",1912,-0.00258746058138721,0.00176737833047948,-0.00435483891186669
"ridge_cox",1913,0.00150075944465183,0.00989456347441076,-0.00839380402975893
"ridge_cox",1914,-0.00371209584484431,0.00600103681025721,-0.00971313265510152
"ridge_cox",1915,-0.00532347264808548,0.00503759808617559,-0.0103610707342611
"ridge_cox",1916,0.0157185877653332,0.0112443705123728,0.00447421725296037
"ridge_cox",1917,0.00819912710783682,0.0013027263563515,0.00689640075148532
"ridge_cox",1918,0.00190401909930539,0.00937176780985499,-0.00746774871054959
"ridge_cox",1919,-0.0078779906700466,0.0109390653528384,-0.018817056022885
"ridge_cox",1920,-0.00470748466086632,0.00772512292371415,-0.0124326075845805
"ridge_cox",1921,0.00155622049184799,0.0029242053904205,-0.00136798489857251
"ridge_cox",1922,-0.011215948421135,0.00886648637396631,-0.0200824347951013
"ridge_cox",1923,-0.00792079473284474,0.00141460225534262,-0.00933539698818736
"ridge_cox",1924,-0.00732203472217562,0.00390881298699326,-0.0112308477091689
"ridge_cox",1925,0.00191336905146554,0.00681393507440054,-0.004900566022935
"ridge_cox",1926,-0.00231130091852105,0.00631056377151814,-0.00862186469003919
"ridge_cox",1927,-0.00249155119111889,0.00658907503977074,-0.00908062623088963
"ridge_cox",1928,-0.00946319754989551,0.00335531416044911,-0.0128185117103446
"ridge_cox",1929,-0.00456637075009268,0.00345074747226181,-0.00801711822235449
"ridge_cox",1930,-0.000061228008868219,0.00571935192920792,-0.00578057993807614
"ridge_cox",1931,-0.0054632568311684,0.00530397794144708,-0.0107672347726155
"ridge_cox",1932,-0.00478719483517814,0.0040667993147544,-0.00885399414993254
"ridge_cox",1933,-0.0024230087723867,0.00687383497563381,-0.00929684374802052
"ridge_cox",1934,-0.00161528537898667,0.00801559910224576,-0.00963088448123243
"ridge_cox",1935,-0.00635164874827862,0.00841960041055867,-0.0147712491588373
"ridge_cox",1936,0.0136472969465884,0.00898156047371417,0.00466573647287418
"ridge_cox",1937,-0.0012856102357308,0.00895260880401973,-0.0102382190397505
"ridge_cox",1938,-0.00359382563556134,0.00849404126726556,-0.0120878669028269
"ridge_cox",1939,0.0071137263949521,0.00739439155797233,-0.00028066516302023
"ridge_cox",1940,-0.0026954244108584,0.00732165523152728,-0.0100170796423857
"ridge_cox",1941,0.010626134377533,0.0102253349746096,0.000400799402923391
"ridge_cox",1942,-0.000907562749915397,0.00216156423478555,-0.00306912698470094
"ridge_cox",1943,-0.00175714486378655,0.00419509036954135,-0.0059522352333279
"ridge_cox",1944,-0.00175844500919264,0.00356425090605061,-0.00532269591524326
"ridge_cox",1945,-0.00258156803624712,0.00934723521624086,-0.011928803252488
"ridge_cox",1946,-0.000792575323498581,0.0107581679784469,-0.0115507433019455
"ridge_cox",1947,0.00571269011911913,0.00640220055572987,-0.00068951043661074
"ridge_cox",1948,-0.00694242747275859,0.00522941273101022,-0.0121718402037688
"ridge_cox",1949,-0.00346603805467564,0.00536916657606597,-0.00883520463074161
"ridge_cox",1950,-0.00200331042191332,0.00327440041266655,-0.00527771083457987
"ridge_cox",1951,-0.00159415860541011,0.00841438698006311,-0.0100085455854732
"ridge_cox",1952,0.000202951545711003,0.0107363665120039,-0.0105334149662929
"ridge_cox",1953,-0.00451922956034605,0.001864601027287,-0.00638383058763304
"ridge_cox",1954,0.00125946441850428,0.00912997401063888,-0.0078705095921346
"ridge_cox",1955,0.00133250671854876,0.00639709545925952,-0.00506458874071077
"ridge_cox",1956,-0.00649037256094476,0.00617835758723148,-0.0126687301481762
"ridge_cox",1957,-0.00252737795847977,0.0076768075775545,-0.0102041855360343
"ridge_cox",1958,0.00645250361648729,0.0102473412052317,-0.00379483758874442
"ridge_cox",1959,-0.0000273678090217848,0.00834491329416835,-0.00837228110319014
"ridge_cox",1960,-0.000528379645449189,0.00568480820231824,-0.00621318784776743
"ridge_cox",1961,0.0130973773026499,0.00722408365584314,0.00587329364680678
"ridge_cox",1962,-0.00346151789152144,0.00212288594014152,-0.00558440383166296
"ridge_cox",1963,0.00228175844210311,0.00926512616661262,-0.00698336772450951
"ridge_cox",1964,-0.00415784636885467,0.00592245173625635,-0.010080298105111
"ridge_cox",1965,0.00297734792773205,0.00773822307892053,-0.00476087515118848
"ridge_cox",1966,-0.000037773858073679,0.00450206887477988,-0.00453984273285356
"ridge_cox",1967,0.0111825379173719,0.00843999197760316,0.00274254593976874
"ridge_cox",1968,-0.0116313261044418,0.00477895673861091,-0.0164102828430527
"ridge_cox",1969,0.0100906509112335,0.0116207055912243,-0.00153005467999079
"ridge_cox",1970,-0.00150214504539766,0.00844606210337413,-0.0099482071487718
"ridge_cox",1971,-0.00518626783892904,0.00673291248014745,-0.0119191803190765
"ridge_cox",1972,-0.00686718853184035,0.00684515140198536,-0.0137123399338257
"ridge_cox",1973,0.0031672405670782,0.00831219800559881,-0.0051449574385206
"ridge_cox",1974,-0.00841858838109694,0.0046139881145928,-0.0130325764956897
"ridge_cox",1975,0.00236657723456939,0.00746052425592866,-0.00509394702135927
"ridge_cox",1976,-0.00340770230466326,0.00569755739428505,-0.00910525969894831
"ridge_cox",1977,-0.0118273272401075,0.00437879917166576,-0.0162061264117733
"ridge_cox",1978,-0.00652190021675941,0.00905363014337063,-0.01557553036013
"ridge_cox",1979,0.00365785718919666,0.0101439088170492,-0.00648605162785251
"ridge_cox",1980,0.000762607882545461,0.0110065352173152,-0.0102439273347697
"ridge_cox",1981,-0.00207597248697752,0.00559202084121807,-0.00766799332819559
"ridge_cox",1982,-0.0100441487685171,0.0058435360208002,-0.0158876847893173
"ridge_cox",1983,0.00142015946956962,0.00870736328794446,-0.00728720381837484
"ridge_cox",1984,-0.00171706215320426,0.0102668639686471,-0.0119839261218514
"ridge_cox",1985,0.00459310606615162,0.00788670721159063,-0.003293601145439
"ridge_cox",1986,-0.00831056945290646,0.0108355657422609,-0.0191461351951673
"ridge_cox",1987,0.00473540126417071,0.00777360112738167,-0.00303819986321096
"ridge_cox",1988,-0.00405347706666059,0.00291662699894389,-0.00697010406560448
"ridge_cox",1989,-0.000504487828353636,0.00589829398564985,-0.00640278181400349
"ridge_cox",1990,0.00271446506627722,0.00691695455959876,-0.00420248949332154
"ridge_cox",1991,0.00508554161582115,0.00918458741987123,-0.00409904580405007
"ridge_cox",1992,0.00733536723111186,0.0107794735214271,-0.0034441062903152
"ridge_cox",1993,0.000595184121226937,0.00633543249175576,-0.00574024837052883
"ridge_cox",1994,-0.00467781952964218,0.010955482231053,-0.0156333017606951
"ridge_cox",1995,-0.0033332188265172,0.00543487803638629,-0.0087680968629035
"ridge_cox",1996,0.00333400811743179,0.00792567090158253,-0.00459166278415074
"ridge_cox",1997,-0.000919708213092217,0.00871288374096408,-0.0096325919540563
"ridge_cox",1998,-0.00105116612653177,0.00624811114022305,-0.00729927726675483
"ridge_cox",1999,-0.00605471952478757,0.00838439489710234,-0.0144391144218899
"ridge_cox",2000,-0.00171936815019798,0.00814324060121209,-0.00986260875141007
